2026-03-15 02:50:15 | WARNING | myelomemory | W&B init failed (continuing without): No API key configured. Use `wandb login` to log in.
2026-03-15 02:50:15 | INFO    | myelomemory | === Pipeline stage: data_validate ===
2026-03-15 02:50:15 | INFO    | myelomemory | >>> STAGE START: data_validate
2026-03-15 03:38:55 | WARNING | myelomemory | W&B init failed (continuing without): No API key configured. Use `wandb login` to log in.
2026-03-15 03:38:55 | INFO    | myelomemory | === Pipeline stage: data_validate ===
2026-03-15 03:38:55 | INFO    | myelomemory | >>> STAGE START: data_validate
2026-03-15 03:38:55 | INFO    | myelomemory | <<< STAGE END: data_validate (0.0 min)
2026-03-15 03:38:55 | INFO    | myelomemory | === Pipeline stage: data_prep ===
2026-03-15 03:38:56 | INFO    | myelomemory | >>> STAGE START: data_prep
2026-03-15 03:38:56 | INFO    | myelomemory.data.loaders | Loading CCLE proteomics from data/raw/ccle_proteomics.csv
2026-03-15 03:38:57 | INFO    | myelomemory.data.loaders | Loaded proteomics: 375 cell lines, 12558 proteins
2026-03-15 03:38:58 | INFO    | myelomemory.data.loaders | After coverage filter (70%): 8001 proteins retained
2026-03-15 03:38:58 | INFO    | myelomemory.data.loaders | Loading CCLE epigenomics from data/raw/ccle_epigenomics
2026-03-15 03:38:58 | INFO    | myelomemory.data.loaders |   chromatin_profiling: 897 lines, 43 features
2026-03-15 03:38:58 | INFO    | myelomemory.data.loaders | Loading STRING PPI network from data/raw/string_ppi.txt
2026-03-15 03:39:01 | INFO    | myelomemory.data.loaders | PPI edges after confidence filter (>=0.7): 13494740
2026-03-15 03:39:12 | INFO    | myelomemory.data.preprocessors | Harmonizing multi-omics data
2026-03-15 03:39:12 | INFO    | myelomemory.data.preprocessors | Cell lines in common across modalities: 0
2026-03-15 03:39:12 | WARNING | myelomemory.data.preprocessors | Only 0 common cell lines found. Consider relaxing matching criteria.
2026-03-15 03:50:11 | WARNING | myelomemory | W&B init failed (continuing without): No API key configured. Use `wandb login` to log in.
2026-03-15 03:50:11 | INFO    | myelomemory | === Pipeline stage: data_validate ===
2026-03-15 03:50:11 | INFO    | myelomemory | >>> STAGE START: data_validate
2026-03-15 03:50:11 | INFO    | myelomemory | <<< STAGE END: data_validate (0.0 min)
2026-03-15 03:50:11 | INFO    | myelomemory | === Pipeline stage: data_prep ===
2026-03-15 03:50:12 | INFO    | myelomemory | >>> STAGE START: data_prep
2026-03-15 03:50:12 | INFO    | myelomemory.data.loaders | Loading CCLE proteomics from data/raw/ccle_proteomics.csv
2026-03-15 03:50:13 | INFO    | myelomemory.data.loaders | Loaded proteomics: 375 cell lines, 12558 proteins
2026-03-15 03:50:14 | INFO    | myelomemory.data.loaders | After coverage filter (70%): 8001 proteins retained
2026-03-15 03:50:14 | INFO    | myelomemory.data.loaders | Loading CCLE epigenomics from data/raw/ccle_epigenomics
2026-03-15 03:50:14 | INFO    | myelomemory.data.loaders |   chromatin_profiling: 897 lines, 43 features
2026-03-15 03:50:14 | INFO    | myelomemory.data.loaders | Loading STRING PPI network from data/raw/string_ppi.txt
2026-03-15 03:50:17 | INFO    | myelomemory.data.loaders |   STRING scores on 0-1000 scale — normalizing to 0-1
2026-03-15 03:50:17 | INFO    | myelomemory.data.loaders | PPI edges after confidence filter (>=0.7): 467610
2026-03-15 03:50:18 | INFO    | myelomemory.data.preprocessors | Harmonizing multi-omics data
2026-03-15 03:50:18 | INFO    | myelomemory.data.preprocessors |   ID mapping: 2013 CCLEName → ModelID entries
2026-03-15 03:50:18 | INFO    | myelomemory.data.preprocessors |   Epigenomic data uses CCLEName format — remapping to ModelID
2026-03-15 03:50:18 | INFO    | myelomemory.data.preprocessors | Cell lines in common across modalities: 367
2026-03-15 03:51:12 | WARNING | myelomemory | W&B init failed (continuing without): No API key configured. Use `wandb login` to log in.
2026-03-15 03:51:12 | INFO    | myelomemory | === Pipeline stage: data_validate ===
2026-03-15 03:51:12 | INFO    | myelomemory | >>> STAGE START: data_validate
2026-03-15 03:51:12 | INFO    | myelomemory | <<< STAGE END: data_validate (0.0 min)
2026-03-15 03:51:12 | INFO    | myelomemory | === Pipeline stage: data_prep ===
2026-03-15 03:51:13 | INFO    | myelomemory | >>> STAGE START: data_prep
2026-03-15 03:51:13 | INFO    | myelomemory.data.loaders | Loading CCLE proteomics from data/raw/ccle_proteomics.csv
2026-03-15 03:51:14 | INFO    | myelomemory.data.loaders | Loaded proteomics: 375 cell lines, 12558 proteins
2026-03-15 03:51:14 | INFO    | myelomemory.data.loaders | After coverage filter (70%): 8001 proteins retained
2026-03-15 03:51:14 | INFO    | myelomemory.data.loaders | Loading CCLE epigenomics from data/raw/ccle_epigenomics
2026-03-15 03:51:14 | INFO    | myelomemory.data.loaders |   chromatin_profiling: indexed by BroadID (ACH format)
2026-03-15 03:51:14 | INFO    | myelomemory.data.loaders |   chromatin_profiling: 897 lines, 42 features
2026-03-15 03:51:14 | INFO    | myelomemory.data.loaders | Loading STRING PPI network from data/raw/string_ppi.txt
2026-03-15 03:51:18 | INFO    | myelomemory.data.loaders |   STRING scores on 0-1000 scale — normalizing to 0-1
2026-03-15 03:51:18 | INFO    | myelomemory.data.loaders | PPI edges after confidence filter (>=0.7): 467610
2026-03-15 03:51:18 | INFO    | myelomemory.data.preprocessors | Harmonizing multi-omics data
2026-03-15 03:51:18 | INFO    | myelomemory.data.preprocessors |   ID mapping: 2013 CCLEName → ModelID entries
2026-03-15 03:51:18 | INFO    | myelomemory.data.preprocessors | Cell lines in common across modalities: 367
2026-03-15 03:51:24 | INFO    | myelomemory.data.loaders | Loading drug sensitivity data
2026-03-15 03:51:25 | INFO    | myelomemory.data.loaders |   GDSC: 387626 records, columns: ['DATASET', 'COSMIC_ID', 'DRUG_ID', 'MIN_CONC', 'MAX_CONC', 'RMSE_PUBLISHED', 'Z_SCORE_PUBLISHED', 'IC50_PUBLISHED']
2026-03-15 03:51:25 | INFO    | myelomemory.data.loaders |   GDSC: mapped columns → ['cell_line_id', 'drug_name', 'ic50']
2026-03-15 03:51:30 | INFO    | myelomemory.data.loaders |   CTRPv2: 6239426 records, columns: ['experiment_id\tqc_type\tnum_conc_pts\tcpd_delta_sum\tqc_delta_penum\tqc_delta_last\tcpd_avg_pv\tcpd_conc_umol\tmaster_cpd_id']
2026-03-15 03:51:30 | INFO    | myelomemory.data.loaders |   CTRPv2: mapped columns → []
2026-03-15 03:51:32 | INFO    | myelomemory.data.loaders | Drug sensitivity matrix: 962 cell lines × 2 drugs
2026-03-15 03:51:32 | INFO    | myelomemory.data.preprocessors |   Lineage labels: 367/367 matched
2026-03-15 03:52:44 | WARNING | myelomemory | W&B init failed (continuing without): No API key configured. Use `wandb login` to log in.
2026-03-15 03:52:44 | INFO    | myelomemory | === Pipeline stage: data_validate ===
2026-03-15 03:52:44 | INFO    | myelomemory | >>> STAGE START: data_validate
2026-03-15 03:52:44 | INFO    | myelomemory | <<< STAGE END: data_validate (0.0 min)
2026-03-15 03:52:44 | INFO    | myelomemory | === Pipeline stage: data_prep ===
2026-03-15 03:52:45 | INFO    | myelomemory | >>> STAGE START: data_prep
2026-03-15 03:52:45 | INFO    | myelomemory.data.loaders | Loading CCLE proteomics from data/raw/ccle_proteomics.csv
2026-03-15 03:52:46 | INFO    | myelomemory.data.loaders | Loaded proteomics: 375 cell lines, 12558 proteins
2026-03-15 03:52:47 | INFO    | myelomemory.data.loaders | After coverage filter (70%): 8001 proteins retained
2026-03-15 03:52:47 | INFO    | myelomemory.data.loaders | Mapped 8001/8001 UniProt IDs to gene symbols
2026-03-15 03:52:47 | INFO    | myelomemory.data.loaders | Loading CCLE epigenomics from data/raw/ccle_epigenomics
2026-03-15 03:52:47 | INFO    | myelomemory.data.loaders |   chromatin_profiling: indexed by BroadID (ACH format)
2026-03-15 03:52:47 | INFO    | myelomemory.data.loaders |   chromatin_profiling: 897 lines, 42 features
2026-03-15 03:52:47 | INFO    | myelomemory.data.loaders | Loading STRING PPI network from data/raw/string_ppi.txt
2026-03-15 03:52:50 | INFO    | myelomemory.data.loaders |   STRING scores on 0-1000 scale — normalizing to 0-1
2026-03-15 03:52:50 | INFO    | myelomemory.data.loaders | PPI edges after confidence filter (>=0.7): 467610
2026-03-15 03:52:51 | INFO    | myelomemory.data.preprocessors | Harmonizing multi-omics data
2026-03-15 03:52:51 | INFO    | myelomemory.data.preprocessors |   ID mapping: 2013 CCLEName → ModelID entries
2026-03-15 03:52:51 | INFO    | myelomemory.data.preprocessors | Cell lines in common across modalities: 367
2026-03-15 03:52:57 | INFO    | myelomemory.data.loaders | Loading drug sensitivity data
2026-03-15 03:52:58 | INFO    | myelomemory.data.loaders |   GDSC: 387626 records, columns: ['DATASET', 'COSMIC_ID', 'DRUG_ID', 'MIN_CONC', 'MAX_CONC', 'RMSE_PUBLISHED', 'Z_SCORE_PUBLISHED', 'IC50_PUBLISHED']
2026-03-15 03:52:58 | INFO    | myelomemory.data.loaders |   GDSC: mapped columns → ['cell_line_id', 'drug_name', 'ic50']
2026-03-15 03:53:03 | INFO    | myelomemory.data.loaders |   CTRPv2: 6239426 records, columns: ['experiment_id\tqc_type\tnum_conc_pts\tcpd_delta_sum\tqc_delta_penum\tqc_delta_last\tcpd_avg_pv\tcpd_conc_umol\tmaster_cpd_id']
2026-03-15 03:53:03 | INFO    | myelomemory.data.loaders |   CTRPv2: mapped columns → []
2026-03-15 03:53:05 | INFO    | myelomemory.data.loaders | Drug sensitivity matrix: 962 cell lines × 2 drugs
2026-03-15 03:53:06 | INFO    | myelomemory.data.preprocessors |   Lineage labels: 367/367 matched
2026-03-15 03:53:06 | INFO    | myelomemory.data.preprocessors | PPI-proteomics overlap: 7308 proteins matched
2026-03-15 03:53:06 | INFO    | myelomemory.data.preprocessors | MultiOmicsDataset: 367 samples, 7853 proteins, 42 epigenomic features, 467610 PPI edges
2026-03-15 03:53:06 | INFO    | myelomemory.data.preprocessors | Splits: train=257, val=55, test=55
2026-03-15 03:53:06 | INFO    | myelomemory | Checkpoint saved: checkpoints/data_ready.pt
2026-03-15 03:53:06 | INFO    | myelomemory | <<< STAGE END: data_prep (0.4 min)
2026-03-15 03:53:06 | INFO    | myelomemory | === Pipeline stage: vae_pretrain ===
2026-03-15 03:53:06 | INFO    | myelomemory | >>> STAGE START: vae_pretrain
2026-03-15 03:53:06 | INFO    | myelomemory | Checkpoint loaded: checkpoints/data_ready.pt (saved 2026-03-15T08:53:06.017679+00:00)
2026-03-15 03:53:57 | WARNING | myelomemory | W&B init failed (continuing without): No API key configured. Use `wandb login` to log in.
2026-03-15 03:53:57 | INFO    | myelomemory | === Pipeline stage: data_validate ===
2026-03-15 03:53:57 | INFO    | myelomemory | >>> STAGE START: data_validate
2026-03-15 03:53:57 | INFO    | myelomemory | <<< STAGE END: data_validate (0.0 min)
2026-03-15 03:53:57 | INFO    | myelomemory | === Pipeline stage: data_prep ===
2026-03-15 03:53:58 | INFO    | myelomemory | === Pipeline stage: vae_pretrain ===
2026-03-15 03:53:58 | INFO    | myelomemory | >>> STAGE START: vae_pretrain
2026-03-15 03:53:58 | INFO    | myelomemory | Checkpoint loaded: checkpoints/data_ready.pt (saved 2026-03-15T08:53:06.017679+00:00)
2026-03-15 03:54:00 | INFO    | myelomemory.models.vae | [vae_pretrained] Epoch 1/100 — train_loss=1.9492 val_loss=791743.8125 recon=1.9176 kl=0.9573 kl_weight=0.0600
2026-03-15 03:54:01 | INFO    | myelomemory | Checkpoint saved: checkpoints/vae_pretrained.pt
2026-03-15 03:54:01 | INFO    | myelomemory.models.vae | [vae_pretrained] Epoch 2/100 — train_loss=1.9963 val_loss=475.1937 recon=1.8320 kl=1.5058 kl_weight=0.1400
2026-03-15 03:54:02 | INFO    | myelomemory | Checkpoint saved: checkpoints/vae_pretrained.pt
2026-03-15 03:54:03 | INFO    | myelomemory.models.vae | [vae_pretrained] Epoch 3/100 — train_loss=1.8204 val_loss=9.5574 recon=1.6347 kl=0.9853 kl_weight=0.2200
2026-03-15 03:54:03 | INFO    | myelomemory | Checkpoint saved: checkpoints/vae_pretrained.pt
2026-03-15 03:54:04 | INFO    | myelomemory.models.vae | [vae_pretrained] Epoch 4/100 — train_loss=1.7743 val_loss=13.5065 recon=1.5267 kl=0.9153 kl_weight=0.3000
2026-03-15 03:54:04 | INFO    | myelomemory.models.vae | [vae_pretrained] Epoch 5/100 — train_loss=1.6800 val_loss=3.0044 recon=1.4166 kl=0.7620 kl_weight=0.3800
2026-03-15 03:54:05 | INFO    | myelomemory | Checkpoint saved: checkpoints/vae_pretrained.pt
2026-03-15 03:54:05 | INFO    | myelomemory.models.vae | [vae_pretrained] Epoch 6/100 — train_loss=1.5494 val_loss=2.5404 recon=1.3104 kl=0.5565 kl_weight=0.4600
2026-03-15 03:54:06 | INFO    | myelomemory | Checkpoint saved: checkpoints/vae_pretrained.pt
2026-03-15 03:54:07 | INFO    | myelomemory.models.vae | [vae_pretrained] Epoch 7/100 — train_loss=1.4619 val_loss=2.0763 recon=1.2320 kl=0.4518 kl_weight=0.5400
2026-03-15 03:54:07 | INFO    | myelomemory | Checkpoint saved: checkpoints/vae_pretrained.pt
2026-03-15 03:54:08 | INFO    | myelomemory.models.vae | [vae_pretrained] Epoch 8/100 — train_loss=1.3998 val_loss=1.7139 recon=1.1797 kl=0.3736 kl_weight=0.6200
2026-03-15 03:54:08 | INFO    | myelomemory | Checkpoint saved: checkpoints/vae_pretrained.pt
2026-03-15 03:54:09 | INFO    | myelomemory.models.vae | [vae_pretrained] Epoch 9/100 — train_loss=1.3241 val_loss=1.7003 recon=1.1208 kl=0.3040 kl_weight=0.7000
2026-03-15 03:54:09 | INFO    | myelomemory | Checkpoint saved: checkpoints/vae_pretrained.pt
2026-03-15 03:54:10 | INFO    | myelomemory.models.vae | [vae_pretrained] Epoch 10/100 — train_loss=1.2487 val_loss=1.5919 recon=1.0247 kl=0.2988 kl_weight=0.7800
2026-03-15 03:54:10 | INFO    | myelomemory | Checkpoint saved: checkpoints/vae_pretrained.pt
2026-03-15 03:54:11 | INFO    | myelomemory.models.vae | [vae_pretrained] Epoch 11/100 — train_loss=1.2252 val_loss=1.5058 recon=0.9984 kl=0.2733 kl_weight=0.8600
2026-03-15 03:54:11 | INFO    | myelomemory | Checkpoint saved: checkpoints/vae_pretrained.pt
2026-03-15 03:54:12 | INFO    | myelomemory.models.vae | [vae_pretrained] Epoch 12/100 — train_loss=1.1787 val_loss=1.4766 recon=0.9570 kl=0.2439 kl_weight=0.9400
2026-03-15 03:54:12 | INFO    | myelomemory | Checkpoint saved: checkpoints/vae_pretrained.pt
2026-03-15 03:54:13 | INFO    | myelomemory.models.vae | [vae_pretrained] Epoch 13/100 — train_loss=1.1734 val_loss=1.4606 recon=0.9640 kl=0.2128 kl_weight=1.0000
2026-03-15 03:54:13 | INFO    | myelomemory | Checkpoint saved: checkpoints/vae_pretrained.pt
2026-03-15 03:54:14 | INFO    | myelomemory.models.vae | [vae_pretrained] Epoch 14/100 — train_loss=1.1631 val_loss=1.5043 recon=0.9631 kl=0.2001 kl_weight=1.0000
2026-03-15 03:54:15 | INFO    | myelomemory.models.vae | [vae_pretrained] Epoch 15/100 — train_loss=1.1168 val_loss=1.4265 recon=0.9222 kl=0.1947 kl_weight=1.0000
2026-03-15 03:54:15 | INFO    | myelomemory | Checkpoint saved: checkpoints/vae_pretrained.pt
2026-03-15 03:54:16 | INFO    | myelomemory.models.vae | [vae_pretrained] Epoch 16/100 — train_loss=1.0939 val_loss=1.4309 recon=0.9080 kl=0.1859 kl_weight=1.0000
2026-03-15 03:54:17 | INFO    | myelomemory.models.vae | [vae_pretrained] Epoch 17/100 — train_loss=1.0570 val_loss=1.4320 recon=0.8691 kl=0.1879 kl_weight=1.0000
2026-03-15 03:54:18 | INFO    | myelomemory.models.vae | [vae_pretrained] Epoch 18/100 — train_loss=1.0495 val_loss=1.4582 recon=0.8505 kl=0.1990 kl_weight=1.0000
2026-03-15 03:54:18 | INFO    | myelomemory.models.vae | [vae_pretrained] Epoch 19/100 — train_loss=1.0338 val_loss=1.3863 recon=0.8333 kl=0.2005 kl_weight=1.0000
2026-03-15 03:54:19 | INFO    | myelomemory | Checkpoint saved: checkpoints/vae_pretrained.pt
2026-03-15 03:54:20 | INFO    | myelomemory.models.vae | [vae_pretrained] Epoch 20/100 — train_loss=1.0410 val_loss=1.3397 recon=0.8652 kl=0.1758 kl_weight=1.0000
2026-03-15 03:54:20 | INFO    | myelomemory | Checkpoint saved: checkpoints/vae_pretrained.pt
2026-03-15 03:54:21 | INFO    | myelomemory.models.vae | [vae_pretrained] Epoch 21/100 — train_loss=1.0200 val_loss=1.3456 recon=0.8491 kl=0.1709 kl_weight=1.0000
2026-03-15 03:54:21 | INFO    | myelomemory.models.vae | [vae_pretrained] Epoch 22/100 — train_loss=0.9902 val_loss=1.3605 recon=0.7948 kl=0.1954 kl_weight=1.0000
2026-03-15 03:54:22 | INFO    | myelomemory.models.vae | [vae_pretrained] Epoch 23/100 — train_loss=0.9761 val_loss=1.3440 recon=0.7883 kl=0.1879 kl_weight=1.0000
2026-03-15 03:54:23 | INFO    | myelomemory.models.vae | [vae_pretrained] Epoch 24/100 — train_loss=0.9706 val_loss=1.3790 recon=0.7710 kl=0.1996 kl_weight=1.0000
2026-03-15 03:54:24 | INFO    | myelomemory.models.vae | [vae_pretrained] Epoch 25/100 — train_loss=0.9859 val_loss=1.3606 recon=0.7971 kl=0.1888 kl_weight=1.0000
2026-03-15 03:54:24 | INFO    | myelomemory.models.vae | [vae_pretrained] Epoch 26/100 — train_loss=0.8107 val_loss=1.3644 recon=0.8053 kl=0.1729 kl_weight=0.0600
2026-03-15 03:54:25 | INFO    | myelomemory.models.vae | [vae_pretrained] Epoch 27/100 — train_loss=0.7577 val_loss=1.3509 recon=0.7297 kl=0.2480 kl_weight=0.1400
2026-03-15 03:54:26 | INFO    | myelomemory.models.vae | [vae_pretrained] Epoch 28/100 — train_loss=0.7494 val_loss=1.3615 recon=0.6815 kl=0.3532 kl_weight=0.2200
2026-03-15 03:54:27 | INFO    | myelomemory.models.vae | [vae_pretrained] Epoch 29/100 — train_loss=0.7466 val_loss=1.4192 recon=0.6258 kl=0.4462 kl_weight=0.3000
2026-03-15 03:54:27 | INFO    | myelomemory.models.vae | [vae_pretrained] Epoch 30/100 — train_loss=0.7978 val_loss=1.4187 recon=0.6378 kl=0.4587 kl_weight=0.3800
2026-03-15 03:54:28 | INFO    | myelomemory.models.vae | [vae_pretrained] Epoch 31/100 — train_loss=0.7836 val_loss=1.3859 recon=0.6086 kl=0.4074 kl_weight=0.4600
2026-03-15 03:54:29 | INFO    | myelomemory.models.vae | [vae_pretrained] Epoch 32/100 — train_loss=0.8085 val_loss=1.4183 recon=0.6259 kl=0.3576 kl_weight=0.5400
2026-03-15 03:54:30 | INFO    | myelomemory.models.vae | [vae_pretrained] Epoch 33/100 — train_loss=0.8028 val_loss=1.3829 recon=0.6309 kl=0.2920 kl_weight=0.6200
2026-03-15 03:54:31 | INFO    | myelomemory.models.vae | [vae_pretrained] Epoch 34/100 — train_loss=0.8168 val_loss=1.3748 recon=0.6435 kl=0.2590 kl_weight=0.7000
2026-03-15 03:54:31 | INFO    | myelomemory.models.vae | [vae_pretrained] Epoch 35/100 — train_loss=0.8487 val_loss=1.4062 recon=0.6616 kl=0.2493 kl_weight=0.7800
2026-03-15 03:54:32 | INFO    | myelomemory.models.vae | [vae_pretrained] Epoch 36/100 — train_loss=0.8525 val_loss=1.3648 recon=0.6442 kl=0.2515 kl_weight=0.8600
2026-03-15 03:54:33 | INFO    | myelomemory.models.vae | [vae_pretrained] Epoch 37/100 — train_loss=0.8306 val_loss=1.3405 recon=0.6207 kl=0.2309 kl_weight=0.9400
2026-03-15 03:54:34 | INFO    | myelomemory.models.vae | [vae_pretrained] Epoch 38/100 — train_loss=0.8792 val_loss=1.3604 recon=0.6648 kl=0.2179 kl_weight=1.0000
2026-03-15 03:54:34 | INFO    | myelomemory.models.vae | [vae_pretrained] Epoch 39/100 — train_loss=0.8723 val_loss=1.3454 recon=0.6705 kl=0.2018 kl_weight=1.0000
2026-03-15 03:54:35 | INFO    | myelomemory.models.vae | [vae_pretrained] Epoch 40/100 — train_loss=0.8609 val_loss=1.3486 recon=0.6603 kl=0.2007 kl_weight=1.0000
2026-03-15 03:54:35 | INFO    | myelomemory.models.vae | Early stopping at epoch 40
2026-03-15 03:54:35 | INFO    | myelomemory | <<< STAGE END: vae_pretrain (0.6 min) | best_val_loss=1.3397 final_epoch=40 total_steps=160
2026-03-15 03:54:35 | INFO    | myelomemory | === Pipeline stage: vae_finetune ===
2026-03-15 03:54:35 | INFO    | myelomemory | >>> STAGE START: vae_finetune
2026-03-15 03:54:36 | INFO    | myelomemory | Checkpoint loaded: checkpoints/data_ready.pt (saved 2026-03-15T08:53:06.017679+00:00)
2026-03-15 03:54:36 | INFO    | myelomemory | Checkpoint loaded: checkpoints/vae_pretrained.pt (saved 2026-03-15T08:54:20.014414+00:00)
2026-03-15 03:55:20 | WARNING | myelomemory | W&B init failed (continuing without): No API key configured. Use `wandb login` to log in.
2026-03-15 03:55:20 | INFO    | myelomemory | === Pipeline stage: data_validate ===
2026-03-15 03:55:20 | INFO    | myelomemory | >>> STAGE START: data_validate
2026-03-15 03:55:20 | INFO    | myelomemory | <<< STAGE END: data_validate (0.0 min)
2026-03-15 03:55:20 | INFO    | myelomemory | === Pipeline stage: data_prep ===
2026-03-15 03:55:21 | INFO    | myelomemory | === Pipeline stage: vae_pretrain ===
2026-03-15 03:55:21 | INFO    | myelomemory | === Pipeline stage: vae_finetune ===
2026-03-15 03:55:21 | INFO    | myelomemory | >>> STAGE START: vae_finetune
2026-03-15 03:55:21 | INFO    | myelomemory | Checkpoint loaded: checkpoints/data_ready.pt (saved 2026-03-15T08:53:06.017679+00:00)
2026-03-15 03:55:21 | INFO    | myelomemory | Checkpoint loaded: checkpoints/vae_pretrained.pt (saved 2026-03-15T08:54:20.014414+00:00)
2026-03-15 03:55:34 | WARNING | myelomemory | W&B init failed (continuing without): No API key configured. Use `wandb login` to log in.
2026-03-15 03:55:34 | INFO    | myelomemory | === Pipeline stage: data_validate ===
2026-03-15 03:55:34 | INFO    | myelomemory | >>> STAGE START: data_validate
2026-03-15 03:55:34 | INFO    | myelomemory | <<< STAGE END: data_validate (0.0 min)
2026-03-15 03:55:34 | INFO    | myelomemory | === Pipeline stage: data_prep ===
2026-03-15 03:55:35 | INFO    | myelomemory | >>> STAGE START: data_prep
2026-03-15 03:55:35 | INFO    | myelomemory.data.loaders | Loading CCLE proteomics from data/raw/ccle_proteomics.csv
2026-03-15 03:55:36 | INFO    | myelomemory.data.loaders | Loaded proteomics: 375 cell lines, 12558 proteins
2026-03-15 03:55:37 | INFO    | myelomemory.data.loaders | After coverage filter (70%): 8001 proteins retained
2026-03-15 03:55:37 | INFO    | myelomemory.data.loaders | Mapped 8001/8001 UniProt IDs to gene symbols
2026-03-15 03:55:37 | INFO    | myelomemory.data.loaders | Loading CCLE epigenomics from data/raw/ccle_epigenomics
2026-03-15 03:55:37 | INFO    | myelomemory.data.loaders |   chromatin_profiling: indexed by BroadID (ACH format)
2026-03-15 03:55:37 | INFO    | myelomemory.data.loaders |   chromatin_profiling: 897 lines, 42 features
2026-03-15 03:55:37 | INFO    | myelomemory.data.loaders | Loading STRING PPI network from data/raw/string_ppi.txt
2026-03-15 03:55:40 | INFO    | myelomemory.data.loaders |   STRING scores on 0-1000 scale — normalizing to 0-1
2026-03-15 03:55:40 | INFO    | myelomemory.data.loaders | PPI edges after confidence filter (>=0.7): 467610
2026-03-15 03:55:41 | INFO    | myelomemory.data.preprocessors | Harmonizing multi-omics data
2026-03-15 03:55:41 | INFO    | myelomemory.data.preprocessors |   ID mapping: 2013 CCLEName → ModelID entries
2026-03-15 03:55:41 | INFO    | myelomemory.data.preprocessors | Cell lines in common across modalities: 367
2026-03-15 03:55:47 | INFO    | myelomemory.data.loaders | Loading drug sensitivity data
2026-03-15 03:55:48 | INFO    | myelomemory.data.loaders |   GDSC: 387626 records, columns: ['DATASET', 'COSMIC_ID', 'DRUG_ID', 'MIN_CONC', 'MAX_CONC', 'RMSE_PUBLISHED', 'Z_SCORE_PUBLISHED', 'IC50_PUBLISHED']
2026-03-15 03:55:48 | INFO    | myelomemory.data.loaders |   GDSC: mapped columns → ['cell_line_id', 'drug_name', 'ic50']
2026-03-15 03:55:54 | INFO    | myelomemory.data.loaders |   CTRPv2: 6239426 records, columns: ['experiment_id\tqc_type\tnum_conc_pts\tcpd_delta_sum\tqc_delta_penum\tqc_delta_last\tcpd_avg_pv\tcpd_conc_umol\tmaster_cpd_id']
2026-03-15 03:55:54 | INFO    | myelomemory.data.loaders |   CTRPv2: mapped columns → []
2026-03-15 03:55:57 | INFO    | myelomemory.data.loaders | Drug sensitivity matrix: 962 cell lines × 2 drugs
2026-03-15 03:55:57 | INFO    | myelomemory.data.preprocessors |   Lineage labels: 367/367 matched
2026-03-15 03:55:57 | INFO    | myelomemory.data.preprocessors | PPI-proteomics overlap: 7308 proteins matched
2026-03-15 03:55:57 | INFO    | myelomemory.data.preprocessors | MultiOmicsDataset: 367 samples, 7853 proteins, 42 epigenomic features, 467610 PPI edges
2026-03-15 03:55:57 | INFO    | myelomemory.data.preprocessors | Splits: train=257, val=55, test=55
2026-03-15 03:55:57 | INFO    | myelomemory | Checkpoint saved: checkpoints/data_ready.pt
2026-03-15 03:55:57 | INFO    | myelomemory | <<< STAGE END: data_prep (0.4 min)
2026-03-15 03:55:57 | INFO    | myelomemory | === Pipeline stage: vae_pretrain ===
2026-03-15 03:55:57 | INFO    | myelomemory | >>> STAGE START: vae_pretrain
2026-03-15 03:55:58 | INFO    | myelomemory | Checkpoint loaded: checkpoints/data_ready.pt (saved 2026-03-15T08:55:57.312160+00:00)
2026-03-15 03:56:00 | INFO    | myelomemory.models.vae | [vae_pretrained] Epoch 1/100 — train_loss=2.0223 val_loss=4219.5806 recon=1.9900 kl=0.9447 kl_weight=0.0600
2026-03-15 03:56:00 | INFO    | myelomemory | Checkpoint saved: checkpoints/vae_pretrained.pt
2026-03-15 03:56:01 | INFO    | myelomemory.models.vae | [vae_pretrained] Epoch 2/100 — train_loss=2.0848 val_loss=60259.4648 recon=1.8804 kl=2.1109 kl_weight=0.1400
2026-03-15 03:56:01 | INFO    | myelomemory.models.vae | [vae_pretrained] Epoch 3/100 — train_loss=1.9947 val_loss=36.7784 recon=1.7541 kl=1.2916 kl_weight=0.2200
2026-03-15 03:56:02 | INFO    | myelomemory | Checkpoint saved: checkpoints/vae_pretrained.pt
2026-03-15 03:56:03 | INFO    | myelomemory.models.vae | [vae_pretrained] Epoch 4/100 — train_loss=1.8503 val_loss=3.7508 recon=1.6142 kl=0.8777 kl_weight=0.3000
2026-03-15 03:56:03 | INFO    | myelomemory | Checkpoint saved: checkpoints/vae_pretrained.pt
2026-03-15 03:56:04 | INFO    | myelomemory.models.vae | [vae_pretrained] Epoch 5/100 — train_loss=1.7094 val_loss=2.8281 recon=1.4660 kl=0.6984 kl_weight=0.3800
2026-03-15 03:56:04 | INFO    | myelomemory | Checkpoint saved: checkpoints/vae_pretrained.pt
2026-03-15 03:56:05 | INFO    | myelomemory.models.vae | [vae_pretrained] Epoch 6/100 — train_loss=1.6022 val_loss=2.1231 recon=1.3654 kl=0.5530 kl_weight=0.4600
2026-03-15 03:56:05 | INFO    | myelomemory | Checkpoint saved: checkpoints/vae_pretrained.pt
2026-03-15 03:56:06 | INFO    | myelomemory.models.vae | [vae_pretrained] Epoch 7/100 — train_loss=1.4842 val_loss=1.8314 recon=1.2594 kl=0.4420 kl_weight=0.5400
2026-03-15 03:56:06 | INFO    | myelomemory | Checkpoint saved: checkpoints/vae_pretrained.pt
2026-03-15 03:56:07 | INFO    | myelomemory.models.vae | [vae_pretrained] Epoch 8/100 — train_loss=1.4121 val_loss=1.7056 recon=1.1999 kl=0.3605 kl_weight=0.6200
2026-03-15 03:56:07 | INFO    | myelomemory | Checkpoint saved: checkpoints/vae_pretrained.pt
2026-03-15 03:56:08 | INFO    | myelomemory.models.vae | [vae_pretrained] Epoch 9/100 — train_loss=1.3573 val_loss=1.6448 recon=1.1462 kl=0.3155 kl_weight=0.7000
2026-03-15 03:56:08 | INFO    | myelomemory | Checkpoint saved: checkpoints/vae_pretrained.pt
2026-03-15 03:56:09 | INFO    | myelomemory.models.vae | [vae_pretrained] Epoch 10/100 — train_loss=1.2663 val_loss=1.5165 recon=1.0450 kl=0.2949 kl_weight=0.7800
2026-03-15 03:56:09 | INFO    | myelomemory | Checkpoint saved: checkpoints/vae_pretrained.pt
2026-03-15 03:56:10 | INFO    | myelomemory.models.vae | [vae_pretrained] Epoch 11/100 — train_loss=1.2624 val_loss=1.5733 recon=1.0382 kl=0.2706 kl_weight=0.8600
2026-03-15 03:56:11 | INFO    | myelomemory.models.vae | [vae_pretrained] Epoch 12/100 — train_loss=1.1929 val_loss=1.4615 recon=0.9697 kl=0.2455 kl_weight=0.9400
2026-03-15 03:56:11 | INFO    | myelomemory | Checkpoint saved: checkpoints/vae_pretrained.pt
2026-03-15 03:56:12 | INFO    | myelomemory.models.vae | [vae_pretrained] Epoch 13/100 — train_loss=1.1709 val_loss=1.3988 recon=0.9677 kl=0.2064 kl_weight=1.0000
2026-03-15 03:56:12 | INFO    | myelomemory | Checkpoint saved: checkpoints/vae_pretrained.pt
2026-03-15 03:56:13 | INFO    | myelomemory.models.vae | [vae_pretrained] Epoch 14/100 — train_loss=1.1558 val_loss=1.3801 recon=0.9488 kl=0.2070 kl_weight=1.0000
2026-03-15 03:56:14 | INFO    | myelomemory | Checkpoint saved: checkpoints/vae_pretrained.pt
2026-03-15 03:56:14 | INFO    | myelomemory.models.vae | [vae_pretrained] Epoch 15/100 — train_loss=1.1050 val_loss=1.3855 recon=0.9199 kl=0.1850 kl_weight=1.0000
2026-03-15 03:56:15 | INFO    | myelomemory.models.vae | [vae_pretrained] Epoch 16/100 — train_loss=1.1119 val_loss=1.4333 recon=0.9241 kl=0.1878 kl_weight=1.0000
2026-03-15 03:56:16 | INFO    | myelomemory.models.vae | [vae_pretrained] Epoch 17/100 — train_loss=1.1130 val_loss=1.3909 recon=0.8934 kl=0.2196 kl_weight=1.0000
2026-03-15 03:56:17 | INFO    | myelomemory.models.vae | [vae_pretrained] Epoch 18/100 — train_loss=1.0376 val_loss=1.3460 recon=0.8469 kl=0.1906 kl_weight=1.0000
2026-03-15 03:56:17 | INFO    | myelomemory | Checkpoint saved: checkpoints/vae_pretrained.pt
2026-03-15 03:56:18 | INFO    | myelomemory.models.vae | [vae_pretrained] Epoch 19/100 — train_loss=1.0508 val_loss=1.3438 recon=0.8672 kl=0.1836 kl_weight=1.0000
2026-03-15 03:56:18 | INFO    | myelomemory | Checkpoint saved: checkpoints/vae_pretrained.pt
2026-03-15 03:56:19 | INFO    | myelomemory.models.vae | [vae_pretrained] Epoch 20/100 — train_loss=1.0648 val_loss=1.3222 recon=0.8715 kl=0.1932 kl_weight=1.0000
2026-03-15 03:56:19 | INFO    | myelomemory | Checkpoint saved: checkpoints/vae_pretrained.pt
2026-03-15 03:56:20 | INFO    | myelomemory.models.vae | [vae_pretrained] Epoch 21/100 — train_loss=1.0008 val_loss=1.3104 recon=0.8227 kl=0.1780 kl_weight=1.0000
2026-03-15 03:56:20 | INFO    | myelomemory | Checkpoint saved: checkpoints/vae_pretrained.pt
2026-03-15 03:56:21 | INFO    | myelomemory.models.vae | [vae_pretrained] Epoch 22/100 — train_loss=0.9965 val_loss=1.3077 recon=0.8224 kl=0.1741 kl_weight=1.0000
2026-03-15 03:56:22 | INFO    | myelomemory | Checkpoint saved: checkpoints/vae_pretrained.pt
2026-03-15 03:56:22 | INFO    | myelomemory.models.vae | [vae_pretrained] Epoch 23/100 — train_loss=0.9707 val_loss=1.3387 recon=0.7894 kl=0.1814 kl_weight=1.0000
2026-03-15 03:56:23 | INFO    | myelomemory.models.vae | [vae_pretrained] Epoch 24/100 — train_loss=0.9890 val_loss=1.3275 recon=0.7932 kl=0.1958 kl_weight=1.0000
2026-03-15 03:56:24 | INFO    | myelomemory.models.vae | [vae_pretrained] Epoch 25/100 — train_loss=0.9509 val_loss=1.3077 recon=0.7587 kl=0.1922 kl_weight=1.0000
2026-03-15 03:56:25 | INFO    | myelomemory.models.vae | [vae_pretrained] Epoch 26/100 — train_loss=0.7850 val_loss=1.3083 recon=0.7791 kl=0.1804 kl_weight=0.0600
2026-03-15 03:56:25 | INFO    | myelomemory.models.vae | [vae_pretrained] Epoch 27/100 — train_loss=0.7671 val_loss=1.3625 recon=0.7405 kl=0.2379 kl_weight=0.1400
2026-03-15 03:56:26 | INFO    | myelomemory.models.vae | [vae_pretrained] Epoch 28/100 — train_loss=0.7463 val_loss=1.3608 recon=0.6803 kl=0.3454 kl_weight=0.2200
2026-03-15 03:56:27 | INFO    | myelomemory.models.vae | [vae_pretrained] Epoch 29/100 — train_loss=0.7653 val_loss=1.4091 recon=0.6457 kl=0.4388 kl_weight=0.3000
2026-03-15 03:56:28 | INFO    | myelomemory.models.vae | [vae_pretrained] Epoch 30/100 — train_loss=0.7700 val_loss=1.4010 recon=0.6116 kl=0.4530 kl_weight=0.3800
2026-03-15 03:56:29 | INFO    | myelomemory.models.vae | [vae_pretrained] Epoch 31/100 — train_loss=0.7802 val_loss=1.3509 recon=0.6094 kl=0.3972 kl_weight=0.4600
2026-03-15 03:56:29 | INFO    | myelomemory.models.vae | [vae_pretrained] Epoch 32/100 — train_loss=0.7873 val_loss=1.3466 recon=0.6192 kl=0.3303 kl_weight=0.5400
2026-03-15 03:56:30 | INFO    | myelomemory.models.vae | [vae_pretrained] Epoch 33/100 — train_loss=0.7901 val_loss=1.3765 recon=0.6287 kl=0.2736 kl_weight=0.6200
2026-03-15 03:56:31 | INFO    | myelomemory.models.vae | [vae_pretrained] Epoch 34/100 — train_loss=0.8365 val_loss=1.3882 recon=0.6734 kl=0.2441 kl_weight=0.7000
2026-03-15 03:56:32 | INFO    | myelomemory.models.vae | [vae_pretrained] Epoch 35/100 — train_loss=0.8175 val_loss=1.3723 recon=0.6425 kl=0.2332 kl_weight=0.7800
2026-03-15 03:56:33 | INFO    | myelomemory.models.vae | [vae_pretrained] Epoch 36/100 — train_loss=0.8261 val_loss=1.3129 recon=0.6379 kl=0.2269 kl_weight=0.8600
2026-03-15 03:56:33 | INFO    | myelomemory.models.vae | [vae_pretrained] Epoch 37/100 — train_loss=0.8726 val_loss=1.3438 recon=0.6631 kl=0.2303 kl_weight=0.9400
2026-03-15 03:56:34 | INFO    | myelomemory.models.vae | [vae_pretrained] Epoch 38/100 — train_loss=0.8677 val_loss=1.3504 recon=0.6541 kl=0.2170 kl_weight=1.0000
2026-03-15 03:56:35 | INFO    | myelomemory.models.vae | [vae_pretrained] Epoch 39/100 — train_loss=0.8557 val_loss=1.3237 recon=0.6441 kl=0.2115 kl_weight=1.0000
2026-03-15 03:56:36 | INFO    | myelomemory.models.vae | [vae_pretrained] Epoch 40/100 — train_loss=0.8386 val_loss=1.3195 recon=0.6397 kl=0.1989 kl_weight=1.0000
2026-03-15 03:56:37 | INFO    | myelomemory.models.vae | [vae_pretrained] Epoch 41/100 — train_loss=0.8435 val_loss=1.3380 recon=0.6500 kl=0.1936 kl_weight=1.0000
2026-03-15 03:56:37 | INFO    | myelomemory.models.vae | [vae_pretrained] Epoch 42/100 — train_loss=0.8464 val_loss=1.3302 recon=0.6618 kl=0.1846 kl_weight=1.0000
2026-03-15 03:56:37 | INFO    | myelomemory.models.vae | Early stopping at epoch 42
2026-03-15 03:56:37 | INFO    | myelomemory | <<< STAGE END: vae_pretrain (0.7 min) | best_val_loss=1.3077 final_epoch=42 total_steps=168
2026-03-15 03:56:37 | INFO    | myelomemory | === Pipeline stage: vae_finetune ===
2026-03-15 03:56:37 | INFO    | myelomemory | >>> STAGE START: vae_finetune
2026-03-15 03:56:38 | INFO    | myelomemory | Checkpoint loaded: checkpoints/data_ready.pt (saved 2026-03-15T08:55:57.312160+00:00)
2026-03-15 03:56:38 | INFO    | myelomemory | Checkpoint loaded: checkpoints/vae_pretrained.pt (saved 2026-03-15T08:56:21.689196+00:00)
2026-03-15 03:57:05 | WARNING | myelomemory | W&B init failed (continuing without): No API key configured. Use `wandb login` to log in.
2026-03-15 03:57:05 | INFO    | myelomemory | === Pipeline stage: data_validate ===
2026-03-15 03:57:05 | INFO    | myelomemory | >>> STAGE START: data_validate
2026-03-15 03:57:05 | INFO    | myelomemory | <<< STAGE END: data_validate (0.0 min)
2026-03-15 03:57:05 | INFO    | myelomemory | === Pipeline stage: data_prep ===
2026-03-15 03:57:06 | INFO    | myelomemory | === Pipeline stage: vae_pretrain ===
2026-03-15 03:57:06 | INFO    | myelomemory | === Pipeline stage: vae_finetune ===
2026-03-15 03:57:06 | INFO    | myelomemory | >>> STAGE START: vae_finetune
2026-03-15 03:57:06 | INFO    | myelomemory | Checkpoint loaded: checkpoints/data_ready.pt (saved 2026-03-15T08:55:57.312160+00:00)
2026-03-15 03:57:06 | INFO    | myelomemory | Checkpoint loaded: checkpoints/vae_pretrained.pt (saved 2026-03-15T08:56:21.689196+00:00)
2026-03-15 03:57:50 | WARNING | myelomemory | W&B init failed (continuing without): No API key configured. Use `wandb login` to log in.
2026-03-15 03:57:50 | INFO    | myelomemory | === Pipeline stage: data_validate ===
2026-03-15 03:57:50 | INFO    | myelomemory | >>> STAGE START: data_validate
2026-03-15 03:57:50 | INFO    | myelomemory | <<< STAGE END: data_validate (0.0 min)
2026-03-15 03:57:50 | INFO    | myelomemory | === Pipeline stage: data_prep ===
2026-03-15 03:57:51 | INFO    | myelomemory | === Pipeline stage: vae_pretrain ===
2026-03-15 03:57:51 | INFO    | myelomemory | === Pipeline stage: vae_finetune ===
2026-03-15 03:57:51 | INFO    | myelomemory | >>> STAGE START: vae_finetune
2026-03-15 03:57:52 | INFO    | myelomemory | Checkpoint loaded: checkpoints/data_ready.pt (saved 2026-03-15T08:55:57.312160+00:00)
2026-03-15 03:57:52 | INFO    | myelomemory | Checkpoint loaded: checkpoints/vae_pretrained.pt (saved 2026-03-15T08:56:21.689196+00:00)
2026-03-15 03:57:54 | INFO    | myelomemory.models.vae | [vae_finetuned] Epoch 1/50 — train_loss=1.2694 val_loss=1.4482 recon=1.2694 kl=0.1776 kl_weight=0.0000
2026-03-15 03:57:54 | INFO    | myelomemory | Checkpoint saved: checkpoints/vae_finetuned.pt
2026-03-15 03:57:54 | INFO    | myelomemory.models.vae | [vae_finetuned] Epoch 2/50 — train_loss=1.1528 val_loss=1.4056 recon=1.1206 kl=0.1930 kl_weight=0.1667
2026-03-15 03:57:55 | INFO    | myelomemory | Checkpoint saved: checkpoints/vae_finetuned.pt
2026-03-15 03:57:55 | INFO    | myelomemory.models.vae | [vae_finetuned] Epoch 3/50 — train_loss=1.1703 val_loss=1.3936 recon=1.1049 kl=0.1963 kl_weight=0.3333
2026-03-15 03:57:55 | INFO    | myelomemory | Checkpoint saved: checkpoints/vae_finetuned.pt
2026-03-15 03:57:56 | INFO    | myelomemory.models.vae | [vae_finetuned] Epoch 4/50 — train_loss=1.1329 val_loss=1.4061 recon=1.0321 kl=0.2015 kl_weight=0.5000
2026-03-15 03:57:57 | INFO    | myelomemory.models.vae | [vae_finetuned] Epoch 5/50 — train_loss=1.0668 val_loss=1.4044 recon=0.9193 kl=0.2213 kl_weight=0.6667
2026-03-15 03:57:57 | INFO    | myelomemory.models.vae | [vae_finetuned] Epoch 6/50 — train_loss=1.0882 val_loss=1.4054 recon=0.8899 kl=0.2380 kl_weight=0.8333
2026-03-15 03:57:58 | INFO    | myelomemory.models.vae | [vae_finetuned] Epoch 7/50 — train_loss=1.0707 val_loss=1.4092 recon=0.8414 kl=0.2293 kl_weight=1.0000
2026-03-15 03:57:58 | INFO    | myelomemory.models.vae | [vae_finetuned] Epoch 8/50 — train_loss=1.0154 val_loss=1.4058 recon=0.7707 kl=0.2446 kl_weight=1.0000
2026-03-15 03:57:59 | INFO    | myelomemory.models.vae | [vae_finetuned] Epoch 9/50 — train_loss=0.9493 val_loss=1.4071 recon=0.6917 kl=0.2576 kl_weight=1.0000
2026-03-15 03:57:59 | INFO    | myelomemory.models.vae | [vae_finetuned] Epoch 10/50 — train_loss=1.0719 val_loss=1.4223 recon=0.8075 kl=0.2644 kl_weight=1.0000
2026-03-15 03:58:00 | INFO    | myelomemory.models.vae | [vae_finetuned] Epoch 11/50 — train_loss=1.0237 val_loss=1.4300 recon=0.7512 kl=0.2725 kl_weight=1.0000
2026-03-15 03:58:00 | INFO    | myelomemory.models.vae | [vae_finetuned] Epoch 12/50 — train_loss=0.9315 val_loss=1.4346 recon=0.6674 kl=0.2641 kl_weight=1.0000
2026-03-15 03:58:01 | INFO    | myelomemory.models.vae | [vae_finetuned] Epoch 13/50 — train_loss=0.6776 val_loss=1.4503 recon=0.6776 kl=0.2662 kl_weight=0.0000
2026-03-15 03:58:02 | INFO    | myelomemory.models.vae | [vae_finetuned] Epoch 14/50 — train_loss=0.8207 val_loss=1.4741 recon=0.7765 kl=0.2652 kl_weight=0.1667
2026-03-15 03:58:02 | INFO    | myelomemory.models.vae | [vae_finetuned] Epoch 15/50 — train_loss=0.6877 val_loss=1.4837 recon=0.5952 kl=0.2775 kl_weight=0.3333
2026-03-15 03:58:03 | INFO    | myelomemory.models.vae | [vae_finetuned] Epoch 16/50 — train_loss=0.7500 val_loss=1.4918 recon=0.6050 kl=0.2899 kl_weight=0.5000
2026-03-15 03:58:03 | INFO    | myelomemory.models.vae | [vae_finetuned] Epoch 17/50 — train_loss=0.7793 val_loss=1.4854 recon=0.5897 kl=0.2844 kl_weight=0.6667
2026-03-15 03:58:04 | INFO    | myelomemory.models.vae | [vae_finetuned] Epoch 18/50 — train_loss=0.8307 val_loss=1.4978 recon=0.5911 kl=0.2875 kl_weight=0.8333
2026-03-15 03:58:04 | INFO    | myelomemory.models.vae | [vae_finetuned] Epoch 19/50 — train_loss=0.8324 val_loss=1.4978 recon=0.5528 kl=0.2795 kl_weight=1.0000
2026-03-15 03:58:05 | INFO    | myelomemory.models.vae | [vae_finetuned] Epoch 20/50 — train_loss=0.8551 val_loss=1.4970 recon=0.5689 kl=0.2862 kl_weight=1.0000
2026-03-15 03:58:05 | INFO    | myelomemory.models.vae | [vae_finetuned] Epoch 21/50 — train_loss=0.8793 val_loss=1.4941 recon=0.5903 kl=0.2890 kl_weight=1.0000
2026-03-15 03:58:06 | INFO    | myelomemory.models.vae | [vae_finetuned] Epoch 22/50 — train_loss=0.8705 val_loss=1.4841 recon=0.5881 kl=0.2824 kl_weight=1.0000
2026-03-15 03:58:06 | INFO    | myelomemory.models.vae | [vae_finetuned] Epoch 23/50 — train_loss=0.8553 val_loss=1.4892 recon=0.5629 kl=0.2925 kl_weight=1.0000
2026-03-15 03:58:06 | INFO    | myelomemory.models.vae | Early stopping at epoch 23
2026-03-15 03:58:06 | INFO    | myelomemory | <<< STAGE END: vae_finetune (0.3 min) | best_val_loss=1.3936 final_epoch=23 total_steps=23
2026-03-15 03:58:06 | INFO    | myelomemory | === Pipeline stage: stability_calibrate ===
2026-03-15 03:58:06 | INFO    | myelomemory | >>> STAGE START: stability_calibrate
2026-03-15 03:58:07 | INFO    | myelomemory | Checkpoint loaded: checkpoints/data_ready.pt (saved 2026-03-15T08:55:57.312160+00:00)
2026-03-15 03:58:07 | INFO    | myelomemory | Checkpoint loaded: checkpoints/vae_finetuned.pt (saved 2026-03-15T08:57:55.650777+00:00)
2026-03-15 03:58:07 | INFO    | myelomemory | Checkpoint saved: checkpoints/stability_calibrated.pt
2026-03-15 03:58:08 | INFO    | myelomemory | Checkpoint saved: checkpoints/stability_calibrated.pt
2026-03-15 03:58:08 | INFO    | myelomemory | Checkpoint saved: checkpoints/stability_calibrated.pt
2026-03-15 03:58:09 | INFO    | myelomemory | Checkpoint saved: checkpoints/stability_calibrated.pt
2026-03-15 03:58:11 | INFO    | myelomemory | Checkpoint saved: checkpoints/stability_calibrated.pt
2026-03-15 03:58:15 | INFO    | myelomemory | Checkpoint saved: checkpoints/stability_calibrated.pt
2026-03-15 03:58:24 | INFO    | myelomemory | Checkpoint saved: checkpoints/stability_calibrated.pt
2026-03-15 03:58:30 | INFO    | myelomemory.models.stability | [stability_calibrate] Epoch 50/200 loss=0.0386
2026-03-15 03:58:33 | INFO    | myelomemory | Checkpoint saved: checkpoints/stability_calibrated.pt
2026-03-15 03:58:52 | INFO    | myelomemory.models.stability | [stability_calibrate] Epoch 100/200 loss=0.0448
2026-03-15 03:58:54 | INFO    | myelomemory | Checkpoint saved: checkpoints/stability_calibrated.pt
2026-03-15 03:59:15 | INFO    | myelomemory.models.stability | [stability_calibrate] Epoch 150/200 loss=0.0346
2026-03-15 03:59:19 | INFO    | myelomemory | Checkpoint saved: checkpoints/stability_calibrated.pt
2026-03-15 03:59:23 | INFO    | myelomemory | Checkpoint saved: checkpoints/stability_calibrated.pt
2026-03-15 03:59:37 | INFO    | myelomemory.models.stability | [stability_calibrate] Epoch 200/200 loss=0.0224
2026-03-15 03:59:37 | INFO    | myelomemory | <<< STAGE END: stability_calibrate (1.5 min) | best_calibration_loss=0.0202 n_valid_samples=255
2026-03-15 03:59:37 | INFO    | myelomemory | === Pipeline stage: gnn_train ===
2026-03-15 03:59:38 | INFO    | myelomemory | >>> STAGE START: gnn_train
2026-03-15 03:59:38 | INFO    | myelomemory | Checkpoint loaded: checkpoints/data_ready.pt (saved 2026-03-15T08:55:57.312160+00:00)
2026-03-15 03:59:38 | INFO    | myelomemory | Checkpoint loaded: checkpoints/vae_finetuned.pt (saved 2026-03-15T08:57:55.650777+00:00)
2026-03-15 03:59:38 | INFO    | myelomemory | Checkpoint loaded: checkpoints/stability_calibrated.pt (saved 2026-03-15T08:59:23.038657+00:00)
2026-03-15 03:59:38 | INFO    | myelomemory.models.gnn | Loading frozen VAE for memory state extraction
2026-03-15 04:01:41 | WARNING | myelomemory | W&B init failed (continuing without): No API key configured. Use `wandb login` to log in.
2026-03-15 04:01:41 | INFO    | myelomemory | === Pipeline stage: data_validate ===
2026-03-15 04:01:41 | INFO    | myelomemory | >>> STAGE START: data_validate
2026-03-15 04:01:41 | INFO    | myelomemory | <<< STAGE END: data_validate (0.0 min)
2026-03-15 04:01:41 | INFO    | myelomemory | === Pipeline stage: data_prep ===
2026-03-15 04:01:42 | INFO    | myelomemory | === Pipeline stage: vae_pretrain ===
2026-03-15 04:01:42 | INFO    | myelomemory | === Pipeline stage: vae_finetune ===
2026-03-15 04:01:42 | INFO    | myelomemory | === Pipeline stage: stability_calibrate ===
2026-03-15 04:01:42 | INFO    | myelomemory | === Pipeline stage: gnn_train ===
2026-03-15 04:01:43 | INFO    | myelomemory | >>> STAGE START: gnn_train
2026-03-15 04:01:43 | INFO    | myelomemory | Checkpoint loaded: checkpoints/data_ready.pt (saved 2026-03-15T08:55:57.312160+00:00)
2026-03-15 04:01:43 | INFO    | myelomemory | Checkpoint loaded: checkpoints/vae_finetuned.pt (saved 2026-03-15T08:57:55.650777+00:00)
2026-03-15 04:01:43 | INFO    | myelomemory | Checkpoint loaded: checkpoints/stability_calibrated.pt (saved 2026-03-15T08:59:23.038657+00:00)
2026-03-15 04:01:43 | INFO    | myelomemory.models.gnn | Loading frozen VAE for memory state extraction
2026-03-15 04:01:44 | INFO    | myelomemory.models.gnn | Loading frozen stability scorer
2026-03-15 04:01:44 | INFO    | myelomemory.models.gnn | Building PPI graph from dataset
2026-03-15 04:01:44 | INFO    | myelomemory.data.graph_builder | PPI graph: 7853 nodes, 460888 directed edges
2026-03-15 04:01:44 | INFO    | myelomemory.models.gnn | PPI graph: 7853 nodes, 460888 edges
2026-03-15 04:01:44 | INFO    | myelomemory.models.gnn | Pre-computing memory states and stability scores for all samples
2026-03-15 04:01:45 | INFO    | myelomemory.models.gnn | Pre-computed: 367 memory states, mean stability=0.784
2026-03-15 04:03:33 | WARNING | myelomemory | W&B init failed (continuing without): No API key configured. Use `wandb login` to log in.
2026-03-15 04:03:33 | INFO    | myelomemory | === Pipeline stage: data_validate ===
2026-03-15 04:03:33 | INFO    | myelomemory | >>> STAGE START: data_validate
2026-03-15 04:03:33 | INFO    | myelomemory | <<< STAGE END: data_validate (0.0 min)
2026-03-15 04:03:33 | INFO    | myelomemory | === Pipeline stage: data_prep ===
2026-03-15 04:03:34 | INFO    | myelomemory | === Pipeline stage: vae_pretrain ===
2026-03-15 04:03:34 | INFO    | myelomemory | === Pipeline stage: vae_finetune ===
2026-03-15 04:03:34 | INFO    | myelomemory | === Pipeline stage: stability_calibrate ===
2026-03-15 04:03:34 | INFO    | myelomemory | === Pipeline stage: gnn_train ===
2026-03-15 04:03:35 | INFO    | myelomemory | >>> STAGE START: gnn_train
2026-03-15 04:03:35 | INFO    | myelomemory | Checkpoint loaded: checkpoints/data_ready.pt (saved 2026-03-15T08:55:57.312160+00:00)
2026-03-15 04:03:35 | INFO    | myelomemory | Checkpoint loaded: checkpoints/vae_finetuned.pt (saved 2026-03-15T08:57:55.650777+00:00)
2026-03-15 04:03:35 | INFO    | myelomemory | Checkpoint loaded: checkpoints/stability_calibrated.pt (saved 2026-03-15T08:59:23.038657+00:00)
2026-03-15 04:03:35 | INFO    | myelomemory.models.gnn | Loading frozen VAE for memory state extraction
2026-03-15 04:03:35 | INFO    | myelomemory.models.gnn | Loading frozen stability scorer
2026-03-15 04:03:35 | INFO    | myelomemory.models.gnn | Building PPI graph from dataset
2026-03-15 04:03:36 | INFO    | myelomemory.data.graph_builder | PPI graph: 7853 nodes, 460888 directed edges
2026-03-15 04:03:36 | INFO    | myelomemory.models.gnn | PPI graph: 7853 nodes, 460888 edges
2026-03-15 04:03:36 | INFO    | myelomemory.models.gnn | Pre-computing memory states and stability scores for all samples
2026-03-15 04:03:37 | INFO    | myelomemory.models.gnn | Pre-computed: 367 memory states, mean stability=0.784
2026-03-15 04:09:19 | INFO    | myelomemory | Checkpoint saved: checkpoints/gnn_trained.pt
2026-03-15 04:15:03 | INFO    | myelomemory | Checkpoint saved: checkpoints/gnn_trained.pt
2026-03-15 04:20:47 | INFO    | myelomemory | Checkpoint saved: checkpoints/gnn_trained.pt
2026-03-15 04:26:32 | INFO    | myelomemory | Checkpoint saved: checkpoints/gnn_trained.pt
2026-03-15 04:32:19 | INFO    | myelomemory | Checkpoint saved: checkpoints/gnn_trained.pt
2026-03-15 04:37:51 | INFO    | myelomemory | Checkpoint saved: checkpoints/gnn_trained.pt
2026-03-15 04:43:31 | INFO    | myelomemory | Checkpoint saved: checkpoints/gnn_trained.pt
2026-03-15 04:49:07 | INFO    | myelomemory | Checkpoint saved: checkpoints/gnn_trained.pt
2026-03-15 04:54:51 | INFO    | myelomemory | Checkpoint saved: checkpoints/gnn_trained.pt
2026-03-15 05:00:30 | INFO    | myelomemory.models.gnn | [gnn_train] Epoch 10/100 loss=1950.6125
2026-03-15 05:00:30 | INFO    | myelomemory | Checkpoint saved: checkpoints/gnn_trained.pt
2026-03-15 05:06:12 | INFO    | myelomemory | Checkpoint saved: checkpoints/gnn_trained.pt
2026-03-15 05:11:51 | INFO    | myelomemory | Checkpoint saved: checkpoints/gnn_trained.pt
2026-03-15 05:17:28 | INFO    | myelomemory | Checkpoint saved: checkpoints/gnn_trained.pt
2026-03-15 05:23:04 | INFO    | myelomemory | Checkpoint saved: checkpoints/gnn_trained.pt
2026-03-15 05:28:38 | INFO    | myelomemory | Checkpoint saved: checkpoints/gnn_trained.pt
2026-03-15 05:34:14 | INFO    | myelomemory | Checkpoint saved: checkpoints/gnn_trained.pt
2026-03-15 05:39:44 | INFO    | myelomemory | Checkpoint saved: checkpoints/gnn_trained.pt
2026-03-15 05:45:29 | INFO    | myelomemory | Checkpoint saved: checkpoints/gnn_trained.pt
2026-03-15 05:51:12 | INFO    | myelomemory | Checkpoint saved: checkpoints/gnn_trained.pt
2026-03-15 05:56:48 | INFO    | myelomemory.models.gnn | [gnn_train] Epoch 20/100 loss=1019.1956
2026-03-15 05:56:48 | INFO    | myelomemory | Checkpoint saved: checkpoints/gnn_trained.pt
2026-03-15 06:02:36 | INFO    | myelomemory | Checkpoint saved: checkpoints/gnn_trained.pt
2026-03-15 06:08:09 | INFO    | myelomemory | Checkpoint saved: checkpoints/gnn_trained.pt
2026-03-15 06:13:49 | INFO    | myelomemory | Checkpoint saved: checkpoints/gnn_trained.pt
2026-03-15 06:19:36 | INFO    | myelomemory | Checkpoint saved: checkpoints/gnn_trained.pt
2026-03-15 06:25:16 | INFO    | myelomemory | Checkpoint saved: checkpoints/gnn_trained.pt
2026-03-15 06:30:55 | INFO    | myelomemory | Checkpoint saved: checkpoints/gnn_trained.pt
2026-03-15 06:36:36 | INFO    | myelomemory | Checkpoint saved: checkpoints/gnn_trained.pt
2026-03-15 06:48:07 | INFO    | myelomemory | Checkpoint saved: checkpoints/gnn_trained.pt
2026-03-15 06:53:39 | INFO    | myelomemory.models.gnn | [gnn_train] Epoch 30/100 loss=773.5981
2026-03-15 06:59:11 | INFO    | myelomemory | Checkpoint saved: checkpoints/gnn_trained.pt
2026-03-15 07:04:56 | INFO    | myelomemory | Checkpoint saved: checkpoints/gnn_trained.pt
2026-03-15 07:10:43 | INFO    | myelomemory | Checkpoint saved: checkpoints/gnn_trained.pt
2026-03-15 07:16:22 | INFO    | myelomemory | Checkpoint saved: checkpoints/gnn_trained.pt
2026-03-15 07:21:55 | INFO    | myelomemory | Checkpoint saved: checkpoints/gnn_trained.pt
2026-03-15 07:33:31 | INFO    | myelomemory | Checkpoint saved: checkpoints/gnn_trained.pt
2026-03-15 07:44:56 | INFO    | myelomemory | Checkpoint saved: checkpoints/gnn_trained.pt
2026-03-15 07:50:32 | INFO    | myelomemory.models.gnn | [gnn_train] Epoch 40/100 loss=595.4292
2026-03-15 07:50:32 | INFO    | myelomemory | Checkpoint saved: checkpoints/gnn_trained.pt
2026-03-15 10:27:35 | WARNING | myelomemory | W&B init failed (continuing without): No API key configured. Use `wandb login` to log in.
2026-03-15 10:27:35 | INFO    | myelomemory | === Pipeline stage: data_validate ===
2026-03-15 10:27:35 | INFO    | myelomemory | >>> STAGE START: data_validate
2026-03-15 10:27:35 | INFO    | myelomemory | <<< STAGE END: data_validate (0.0 min)
2026-03-15 10:27:35 | INFO    | myelomemory | === Pipeline stage: data_prep ===
2026-03-15 10:27:35 | INFO    | myelomemory | === Pipeline stage: vae_pretrain ===
2026-03-15 10:27:35 | INFO    | myelomemory | === Pipeline stage: vae_finetune ===
2026-03-15 10:27:35 | INFO    | myelomemory | === Pipeline stage: stability_calibrate ===
2026-03-15 10:27:35 | INFO    | myelomemory | === Pipeline stage: gnn_train ===
2026-03-15 10:27:37 | INFO    | myelomemory | === Pipeline stage: validate ===
2026-03-15 10:27:37 | INFO    | myelomemory | >>> STAGE START: validate
2026-03-15 10:27:39 | INFO    | myelomemory | Checkpoint loaded: checkpoints/vae_finetuned.pt (saved 2026-03-15T08:57:55.650777+00:00)
2026-03-15 10:28:57 | WARNING | myelomemory | W&B init failed (continuing without): No API key configured. Use `wandb login` to log in.
2026-03-15 10:28:57 | INFO    | myelomemory | === Pipeline stage: data_validate ===
2026-03-15 10:28:57 | INFO    | myelomemory | >>> STAGE START: data_validate
2026-03-15 10:28:57 | INFO    | myelomemory | <<< STAGE END: data_validate (0.0 min)
2026-03-15 10:28:57 | INFO    | myelomemory | === Pipeline stage: data_prep ===
2026-03-15 10:28:58 | INFO    | myelomemory | === Pipeline stage: vae_pretrain ===
2026-03-15 10:28:58 | INFO    | myelomemory | === Pipeline stage: vae_finetune ===
2026-03-15 10:28:58 | INFO    | myelomemory | === Pipeline stage: stability_calibrate ===
2026-03-15 10:28:58 | INFO    | myelomemory | === Pipeline stage: gnn_train ===
2026-03-15 10:28:59 | INFO    | myelomemory | === Pipeline stage: validate ===
2026-03-15 10:28:59 | INFO    | myelomemory | >>> STAGE START: validate
2026-03-15 10:28:59 | INFO    | myelomemory | Checkpoint loaded: checkpoints/vae_finetuned.pt (saved 2026-03-15T08:57:55.650777+00:00)
2026-03-15 10:29:56 | WARNING | myelomemory | W&B init failed (continuing without): No API key configured. Use `wandb login` to log in.
2026-03-15 10:29:56 | INFO    | myelomemory | === Pipeline stage: data_validate ===
2026-03-15 10:29:56 | INFO    | myelomemory | >>> STAGE START: data_validate
2026-03-15 10:29:56 | INFO    | myelomemory | <<< STAGE END: data_validate (0.0 min)
2026-03-15 10:29:56 | INFO    | myelomemory | === Pipeline stage: data_prep ===
2026-03-15 10:29:57 | INFO    | myelomemory | === Pipeline stage: vae_pretrain ===
2026-03-15 10:29:57 | INFO    | myelomemory | === Pipeline stage: vae_finetune ===
2026-03-15 10:29:57 | INFO    | myelomemory | === Pipeline stage: stability_calibrate ===
2026-03-15 10:29:57 | INFO    | myelomemory | === Pipeline stage: gnn_train ===
2026-03-15 10:29:58 | INFO    | myelomemory | === Pipeline stage: validate ===
2026-03-15 10:29:58 | INFO    | myelomemory | >>> STAGE START: validate
2026-03-15 10:29:58 | INFO    | myelomemory | Checkpoint loaded: checkpoints/vae_finetuned.pt (saved 2026-03-15T08:57:55.650777+00:00)
2026-03-15 10:29:59 | INFO    | myelomemory.inference.pipeline | Loaded VAE from vae_finetuned checkpoint (input_dim=7853, epigenome_dim=42)
2026-03-15 10:29:59 | INFO    | myelomemory | Checkpoint loaded: checkpoints/stability_calibrated.pt (saved 2026-03-15T08:59:23.038657+00:00)
2026-03-15 10:29:59 | INFO    | myelomemory.inference.pipeline | Loaded stability scorer from stability_calibrated checkpoint
2026-03-15 10:29:59 | INFO    | myelomemory | Checkpoint loaded: checkpoints/gnn_trained.pt (saved 2026-03-15T12:50:32.081732+00:00)
2026-03-15 10:30:35 | WARNING | myelomemory | W&B init failed (continuing without): No API key configured. Use `wandb login` to log in.
2026-03-15 10:30:35 | INFO    | myelomemory | === Pipeline stage: data_validate ===
2026-03-15 10:30:35 | INFO    | myelomemory | >>> STAGE START: data_validate
2026-03-15 10:30:35 | INFO    | myelomemory | <<< STAGE END: data_validate (0.0 min)
2026-03-15 10:30:35 | INFO    | myelomemory | === Pipeline stage: data_prep ===
2026-03-15 10:30:36 | INFO    | myelomemory | === Pipeline stage: vae_pretrain ===
2026-03-15 10:30:36 | INFO    | myelomemory | === Pipeline stage: vae_finetune ===
2026-03-15 10:30:36 | INFO    | myelomemory | === Pipeline stage: stability_calibrate ===
2026-03-15 10:30:36 | INFO    | myelomemory | === Pipeline stage: gnn_train ===
2026-03-15 10:30:37 | INFO    | myelomemory | === Pipeline stage: validate ===
2026-03-15 10:30:37 | INFO    | myelomemory | >>> STAGE START: validate
2026-03-15 10:30:37 | INFO    | myelomemory | Checkpoint loaded: checkpoints/vae_finetuned.pt (saved 2026-03-15T08:57:55.650777+00:00)
2026-03-15 10:30:38 | INFO    | myelomemory.inference.pipeline | Loaded VAE from vae_finetuned checkpoint (input_dim=7853, epigenome_dim=42)
2026-03-15 10:30:38 | INFO    | myelomemory | Checkpoint loaded: checkpoints/stability_calibrated.pt (saved 2026-03-15T08:59:23.038657+00:00)
2026-03-15 10:30:38 | INFO    | myelomemory.inference.pipeline | Loaded stability scorer from stability_calibrated checkpoint
2026-03-15 10:30:38 | INFO    | myelomemory | Checkpoint loaded: checkpoints/gnn_trained.pt (saved 2026-03-15T12:50:32.081732+00:00)
2026-03-15 10:30:38 | INFO    | myelomemory.inference.pipeline | Loaded GNN from gnn_trained checkpoint (hidden=128, layers=3, drugs=2)
2026-03-15 10:30:38 | INFO    | myelomemory | Checkpoint loaded: checkpoints/data_ready.pt (saved 2026-03-15T08:55:57.312160+00:00)
2026-03-15 10:31:20 | WARNING | myelomemory | W&B init failed (continuing without): No API key configured. Use `wandb login` to log in.
2026-03-15 10:31:20 | INFO    | myelomemory | === Pipeline stage: data_validate ===
2026-03-15 10:31:20 | INFO    | myelomemory | >>> STAGE START: data_validate
2026-03-15 10:31:20 | INFO    | myelomemory | <<< STAGE END: data_validate (0.0 min)
2026-03-15 10:31:20 | INFO    | myelomemory | === Pipeline stage: data_prep ===
2026-03-15 10:31:21 | INFO    | myelomemory | === Pipeline stage: vae_pretrain ===
2026-03-15 10:31:21 | INFO    | myelomemory | === Pipeline stage: vae_finetune ===
2026-03-15 10:31:21 | INFO    | myelomemory | === Pipeline stage: stability_calibrate ===
2026-03-15 10:31:21 | INFO    | myelomemory | === Pipeline stage: gnn_train ===
2026-03-15 10:31:22 | INFO    | myelomemory | === Pipeline stage: validate ===
2026-03-15 10:31:22 | INFO    | myelomemory | >>> STAGE START: validate
2026-03-15 10:31:22 | INFO    | myelomemory | Checkpoint loaded: checkpoints/vae_finetuned.pt (saved 2026-03-15T08:57:55.650777+00:00)
2026-03-15 10:31:23 | INFO    | myelomemory.inference.pipeline | Loaded VAE from vae_finetuned checkpoint (input_dim=7853, epigenome_dim=42)
2026-03-15 10:31:23 | INFO    | myelomemory | Checkpoint loaded: checkpoints/stability_calibrated.pt (saved 2026-03-15T08:59:23.038657+00:00)
2026-03-15 10:31:23 | INFO    | myelomemory.inference.pipeline | Loaded stability scorer from stability_calibrated checkpoint
2026-03-15 10:31:23 | INFO    | myelomemory | Checkpoint loaded: checkpoints/gnn_trained.pt (saved 2026-03-15T12:50:32.081732+00:00)
2026-03-15 10:31:23 | INFO    | myelomemory.inference.pipeline | Loaded GNN from gnn_trained checkpoint (hidden=128, layers=3, drugs=2)
2026-03-15 10:31:23 | INFO    | myelomemory | Checkpoint loaded: checkpoints/data_ready.pt (saved 2026-03-15T08:55:57.312160+00:00)
2026-03-15 10:32:28 | WARNING | myelomemory | W&B init failed (continuing without): No API key configured. Use `wandb login` to log in.
2026-03-15 10:32:28 | INFO    | myelomemory | === Pipeline stage: data_validate ===
2026-03-15 10:32:28 | INFO    | myelomemory | >>> STAGE START: data_validate
2026-03-15 10:32:28 | INFO    | myelomemory | <<< STAGE END: data_validate (0.0 min)
2026-03-15 10:32:28 | INFO    | myelomemory | === Pipeline stage: data_prep ===
2026-03-15 10:32:29 | INFO    | myelomemory | === Pipeline stage: vae_pretrain ===
2026-03-15 10:32:29 | INFO    | myelomemory | === Pipeline stage: vae_finetune ===
2026-03-15 10:32:29 | INFO    | myelomemory | === Pipeline stage: stability_calibrate ===
2026-03-15 10:32:29 | INFO    | myelomemory | === Pipeline stage: gnn_train ===
2026-03-15 10:32:30 | INFO    | myelomemory | === Pipeline stage: validate ===
2026-03-15 10:32:30 | INFO    | myelomemory | >>> STAGE START: validate
2026-03-15 10:32:30 | INFO    | myelomemory | Checkpoint loaded: checkpoints/vae_finetuned.pt (saved 2026-03-15T08:57:55.650777+00:00)
2026-03-15 10:32:31 | INFO    | myelomemory.inference.pipeline | Loaded VAE from vae_finetuned checkpoint (input_dim=7853, epigenome_dim=42)
2026-03-15 10:32:31 | INFO    | myelomemory | Checkpoint loaded: checkpoints/stability_calibrated.pt (saved 2026-03-15T08:59:23.038657+00:00)
2026-03-15 10:32:31 | INFO    | myelomemory.inference.pipeline | Loaded stability scorer from stability_calibrated checkpoint
2026-03-15 10:32:31 | INFO    | myelomemory | Checkpoint loaded: checkpoints/gnn_trained.pt (saved 2026-03-15T12:50:32.081732+00:00)
2026-03-15 10:32:31 | INFO    | myelomemory.inference.pipeline | Loaded GNN from gnn_trained checkpoint (hidden=128, layers=3, drugs=2)
2026-03-15 10:32:31 | INFO    | myelomemory | Checkpoint loaded: checkpoints/data_ready.pt (saved 2026-03-15T08:55:57.312160+00:00)
2026-03-15 10:44:13 | INFO    | myelomemory.utils.metrics | Pipeline metrics (test): 367 samples, mean_stability=0.784
2026-03-15 10:44:13 | INFO    | myelomemory | Checkpoint saved: checkpoints/pipeline_validated.pt
2026-03-15 10:44:13 | INFO    | myelomemory | <<< STAGE END: validate (11.7 min) | split=test n_samples=367 mean_stability=0.7843 std_stability=0.0000 n_high_stability=367 n_medium_stability=0 n_low_stability=0
2026-03-15 10:44:13 | INFO    | myelomemory | === Pipeline stage: serve ===
2026-03-15 10:44:13 | INFO    | myelomemory | >>> STAGE START: serve
2026-03-15 10:44:13 | INFO    | myelomemory | Checkpoint loaded: checkpoints/vae_finetuned.pt (saved 2026-03-15T08:57:55.650777+00:00)
2026-03-15 10:44:14 | INFO    | myelomemory.inference.pipeline | Loaded VAE from vae_finetuned checkpoint (input_dim=7853, epigenome_dim=42)
2026-03-15 10:44:14 | INFO    | myelomemory | Checkpoint loaded: checkpoints/stability_calibrated.pt (saved 2026-03-15T08:59:23.038657+00:00)
2026-03-15 10:44:14 | INFO    | myelomemory.inference.pipeline | Loaded stability scorer from stability_calibrated checkpoint
2026-03-15 10:44:14 | INFO    | myelomemory | Checkpoint loaded: checkpoints/gnn_trained.pt (saved 2026-03-15T12:50:32.081732+00:00)
2026-03-15 10:44:14 | INFO    | myelomemory.inference.pipeline | Loaded GNN from gnn_trained checkpoint (hidden=128, layers=3, drugs=2)
2026-03-15 10:44:14 | INFO    | myelomemory.inference.api | Pipeline loaded successfully
2026-03-15 10:51:48 | WARNING | myelomemory | W&B init failed (continuing without): No API key configured. Use `wandb login` to log in.
2026-03-15 10:51:48 | INFO    | myelomemory | === Pipeline stage: data_validate ===
2026-03-15 10:51:48 | INFO    | myelomemory | >>> STAGE START: data_validate
2026-03-15 10:51:48 | INFO    | myelomemory | <<< STAGE END: data_validate (0.0 min)
2026-03-15 10:51:48 | INFO    | myelomemory | === Pipeline stage: data_prep ===
2026-03-15 10:51:48 | INFO    | myelomemory | === Pipeline stage: vae_pretrain ===
2026-03-15 10:51:48 | INFO    | myelomemory | === Pipeline stage: vae_finetune ===
2026-03-15 10:51:48 | INFO    | myelomemory | === Pipeline stage: stability_calibrate ===
2026-03-15 10:51:48 | INFO    | myelomemory | === Pipeline stage: gnn_train ===
2026-03-15 10:51:50 | INFO    | myelomemory | >>> STAGE START: gnn_train
2026-03-15 10:51:50 | INFO    | myelomemory | Checkpoint loaded: checkpoints/data_ready.pt (saved 2026-03-15T08:55:57.312160+00:00)
2026-03-15 10:51:50 | INFO    | myelomemory | Checkpoint loaded: checkpoints/vae_finetuned.pt (saved 2026-03-15T08:57:55.650777+00:00)
2026-03-15 10:51:50 | INFO    | myelomemory | Checkpoint loaded: checkpoints/stability_calibrated.pt (saved 2026-03-15T08:59:23.038657+00:00)
2026-03-15 10:51:52 | INFO    | myelomemory.models.gnn | Loading frozen VAE for memory state extraction
2026-03-15 10:51:52 | INFO    | myelomemory.models.gnn | Loading frozen stability scorer
2026-03-15 10:51:52 | INFO    | myelomemory.models.gnn | Building PPI graph from dataset
2026-03-15 10:51:52 | INFO    | myelomemory.data.graph_builder | PPI graph: 7853 nodes, 460888 directed edges
2026-03-15 10:51:52 | INFO    | myelomemory.models.gnn | PPI graph: 7853 nodes, 460888 edges
2026-03-15 10:51:52 | INFO    | myelomemory.models.gnn | Pre-computing memory states and stability scores for all samples
2026-03-15 10:51:58 | INFO    | myelomemory.models.gnn | Pre-computed: 367 memory states, mean stability=0.784
2026-03-15 10:52:46 | WARNING | myelomemory | W&B init failed (continuing without): No API key configured. Use `wandb login` to log in.
2026-03-15 10:52:46 | INFO    | myelomemory | === Pipeline stage: data_validate ===
2026-03-15 10:52:46 | INFO    | myelomemory | >>> STAGE START: data_validate
2026-03-15 10:52:46 | INFO    | myelomemory | <<< STAGE END: data_validate (0.0 min)
2026-03-15 10:52:46 | INFO    | myelomemory | === Pipeline stage: data_prep ===
2026-03-15 10:52:47 | INFO    | myelomemory | === Pipeline stage: vae_pretrain ===
2026-03-15 10:52:47 | INFO    | myelomemory | === Pipeline stage: vae_finetune ===
2026-03-15 10:52:47 | INFO    | myelomemory | === Pipeline stage: stability_calibrate ===
2026-03-15 10:52:47 | INFO    | myelomemory | === Pipeline stage: gnn_train ===
2026-03-15 10:52:48 | INFO    | myelomemory | >>> STAGE START: gnn_train
2026-03-15 10:52:48 | INFO    | myelomemory | Checkpoint loaded: checkpoints/data_ready.pt (saved 2026-03-15T08:55:57.312160+00:00)
2026-03-15 10:52:48 | INFO    | myelomemory | Checkpoint loaded: checkpoints/vae_finetuned.pt (saved 2026-03-15T08:57:55.650777+00:00)
2026-03-15 10:52:48 | INFO    | myelomemory | Checkpoint loaded: checkpoints/stability_calibrated.pt (saved 2026-03-15T08:59:23.038657+00:00)
2026-03-15 10:52:48 | INFO    | myelomemory.models.gnn | Loading frozen VAE for memory state extraction
2026-03-15 10:52:49 | INFO    | myelomemory.models.gnn | Loading frozen stability scorer
2026-03-15 10:52:49 | INFO    | myelomemory.models.gnn | Building PPI graph from dataset
2026-03-15 10:52:49 | INFO    | myelomemory.data.graph_builder | PPI graph: 7853 nodes, 460888 directed edges
2026-03-15 10:52:49 | INFO    | myelomemory.models.gnn | PPI graph: 7853 nodes, 460888 edges
2026-03-15 10:52:49 | INFO    | myelomemory.models.gnn | Pre-computing memory states and stability scores for all samples
2026-03-15 10:52:50 | INFO    | myelomemory.models.gnn | Pre-computed: 367 memory states, mean stability=0.784
2026-03-15 10:58:25 | INFO    | myelomemory | Checkpoint saved: checkpoints/gnn_trained.pt
2026-03-15 11:04:09 | INFO    | myelomemory | Checkpoint saved: checkpoints/gnn_trained.pt
2026-03-15 11:09:51 | INFO    | myelomemory | Checkpoint saved: checkpoints/gnn_trained.pt
2026-03-15 11:15:36 | INFO    | myelomemory | Checkpoint saved: checkpoints/gnn_trained.pt
2026-03-15 11:21:19 | INFO    | myelomemory | Checkpoint saved: checkpoints/gnn_trained.pt
2026-03-15 11:27:04 | INFO    | myelomemory | Checkpoint saved: checkpoints/gnn_trained.pt
2026-03-15 11:32:38 | INFO    | myelomemory | Checkpoint saved: checkpoints/gnn_trained.pt
2026-03-15 11:38:18 | INFO    | myelomemory | Checkpoint saved: checkpoints/gnn_trained.pt
2026-03-15 11:43:56 | INFO    | myelomemory | Checkpoint saved: checkpoints/gnn_trained.pt
2026-03-15 11:49:45 | INFO    | myelomemory.models.gnn | [gnn_train] Epoch 10/100 loss=1961.7763
2026-03-15 11:49:45 | INFO    | myelomemory | Checkpoint saved: checkpoints/gnn_trained.pt
2026-03-15 11:55:15 | INFO    | myelomemory | Checkpoint saved: checkpoints/gnn_trained.pt
2026-03-15 12:00:56 | INFO    | myelomemory | Checkpoint saved: checkpoints/gnn_trained.pt
2026-03-15 12:06:34 | INFO    | myelomemory | Checkpoint saved: checkpoints/gnn_trained.pt
2026-03-15 12:12:20 | INFO    | myelomemory | Checkpoint saved: checkpoints/gnn_trained.pt
2026-03-15 12:18:06 | INFO    | myelomemory | Checkpoint saved: checkpoints/gnn_trained.pt
2026-03-15 12:23:48 | INFO    | myelomemory | Checkpoint saved: checkpoints/gnn_trained.pt
2026-03-15 12:29:32 | INFO    | myelomemory | Checkpoint saved: checkpoints/gnn_trained.pt
2026-03-15 12:35:02 | INFO    | myelomemory | Checkpoint saved: checkpoints/gnn_trained.pt
2026-03-15 12:41:05 | WARNING | myelomemory | W&B init failed (continuing without): No API key configured. Use `wandb login` to log in.
2026-03-15 12:41:05 | INFO    | myelomemory | === Pipeline stage: data_validate ===
2026-03-15 12:41:05 | INFO    | myelomemory | >>> STAGE START: data_validate
2026-03-15 12:41:05 | INFO    | myelomemory | <<< STAGE END: data_validate (0.0 min)
2026-03-15 12:41:05 | INFO    | myelomemory | === Pipeline stage: data_prep ===
2026-03-15 12:41:06 | INFO    | myelomemory | === Pipeline stage: vae_pretrain ===
2026-03-15 12:41:06 | INFO    | myelomemory | === Pipeline stage: vae_finetune ===
2026-03-15 12:41:06 | INFO    | myelomemory | === Pipeline stage: stability_calibrate ===
2026-03-15 12:41:06 | INFO    | myelomemory | === Pipeline stage: gnn_train ===
2026-03-15 12:41:08 | INFO    | myelomemory | >>> STAGE START: gnn_train
2026-03-15 12:41:08 | INFO    | myelomemory | Checkpoint loaded: checkpoints/data_ready.pt (saved 2026-03-15T08:55:57.312160+00:00)
2026-03-15 12:41:08 | INFO    | myelomemory | Checkpoint loaded: checkpoints/vae_finetuned.pt (saved 2026-03-15T08:57:55.650777+00:00)
2026-03-15 12:41:08 | INFO    | myelomemory | Checkpoint loaded: checkpoints/stability_calibrated.pt (saved 2026-03-15T08:59:23.038657+00:00)
2026-03-15 12:41:08 | INFO    | myelomemory.models.gnn | Loading frozen VAE for memory state extraction
2026-03-15 12:41:08 | INFO    | myelomemory.models.gnn | Loading frozen stability scorer
2026-03-15 12:41:08 | INFO    | myelomemory.models.gnn | Building PPI graph from dataset
2026-03-15 12:41:09 | INFO    | myelomemory.data.graph_builder | PPI graph: 7853 nodes, 460888 directed edges
2026-03-15 12:41:09 | INFO    | myelomemory.models.gnn | PPI graph: 7853 nodes, 460888 edges
2026-03-15 12:41:09 | INFO    | myelomemory.models.gnn | Pre-computing memory states and stability scores for all samples
2026-03-15 12:41:12 | INFO    | myelomemory.models.gnn | Pre-computed: 367 memory states, mean stability=0.784
2026-03-15 12:42:18 | WARNING | myelomemory | W&B init failed (continuing without): No API key configured. Use `wandb login` to log in.
2026-03-15 12:42:18 | INFO    | myelomemory | === Pipeline stage: data_validate ===
2026-03-15 12:42:18 | INFO    | myelomemory | >>> STAGE START: data_validate
2026-03-15 12:42:18 | INFO    | myelomemory | <<< STAGE END: data_validate (0.0 min)
2026-03-15 12:42:18 | INFO    | myelomemory | === Pipeline stage: data_prep ===
2026-03-15 12:42:19 | INFO    | myelomemory | === Pipeline stage: vae_pretrain ===
2026-03-15 12:42:19 | INFO    | myelomemory | === Pipeline stage: vae_finetune ===
2026-03-15 12:42:19 | INFO    | myelomemory | === Pipeline stage: stability_calibrate ===
2026-03-15 12:42:19 | INFO    | myelomemory | === Pipeline stage: gnn_train ===
2026-03-15 12:42:20 | INFO    | myelomemory | >>> STAGE START: gnn_train
2026-03-15 12:42:21 | INFO    | myelomemory | Checkpoint loaded: checkpoints/data_ready.pt (saved 2026-03-15T08:55:57.312160+00:00)
2026-03-15 12:42:21 | INFO    | myelomemory | Checkpoint loaded: checkpoints/vae_finetuned.pt (saved 2026-03-15T08:57:55.650777+00:00)
2026-03-15 12:42:21 | INFO    | myelomemory | Checkpoint loaded: checkpoints/stability_calibrated.pt (saved 2026-03-15T08:59:23.038657+00:00)
2026-03-15 12:42:21 | INFO    | myelomemory.models.gnn | Loading frozen VAE for memory state extraction
2026-03-15 12:42:21 | INFO    | myelomemory.models.gnn | Loading frozen stability scorer
2026-03-15 12:42:21 | INFO    | myelomemory.models.gnn | Building PPI graph from dataset
2026-03-15 12:42:22 | INFO    | myelomemory.data.graph_builder | PPI graph: 7853 nodes, 460888 directed edges
2026-03-15 12:42:22 | INFO    | myelomemory.models.gnn | PPI graph: 7853 nodes, 460888 edges
2026-03-15 12:42:22 | INFO    | myelomemory.models.gnn | Pre-computing memory states and stability scores for all samples
2026-03-15 12:42:24 | INFO    | myelomemory.models.gnn | Pre-computed: 367 memory states, mean stability=0.784
2026-03-15 12:42:30 | INFO    | myelomemory | Checkpoint saved: checkpoints/gnn_trained.pt
2026-03-15 12:42:35 | INFO    | myelomemory | Checkpoint saved: checkpoints/gnn_trained.pt
2026-03-15 12:42:40 | INFO    | myelomemory | Checkpoint saved: checkpoints/gnn_trained.pt
2026-03-15 12:42:46 | INFO    | myelomemory | Checkpoint saved: checkpoints/gnn_trained.pt
2026-03-15 12:42:51 | INFO    | myelomemory | Checkpoint saved: checkpoints/gnn_trained.pt
2026-03-15 12:42:56 | INFO    | myelomemory | Checkpoint saved: checkpoints/gnn_trained.pt
2026-03-15 12:43:01 | INFO    | myelomemory | Checkpoint saved: checkpoints/gnn_trained.pt
2026-03-15 12:43:07 | INFO    | myelomemory | Checkpoint saved: checkpoints/gnn_trained.pt
2026-03-15 12:43:12 | INFO    | myelomemory | Checkpoint saved: checkpoints/gnn_trained.pt
2026-03-15 12:43:17 | INFO    | myelomemory.models.gnn | [gnn_train] Epoch 10/100 loss=2016.3597
2026-03-15 12:43:17 | INFO    | myelomemory | Checkpoint saved: checkpoints/gnn_trained.pt
2026-03-15 12:43:22 | INFO    | myelomemory | Checkpoint saved: checkpoints/gnn_trained.pt
2026-03-15 12:43:27 | INFO    | myelomemory | Checkpoint saved: checkpoints/gnn_trained.pt
2026-03-15 12:43:33 | INFO    | myelomemory | Checkpoint saved: checkpoints/gnn_trained.pt
2026-03-15 12:43:38 | INFO    | myelomemory | Checkpoint saved: checkpoints/gnn_trained.pt
2026-03-15 12:43:43 | INFO    | myelomemory | Checkpoint saved: checkpoints/gnn_trained.pt
2026-03-15 12:43:48 | INFO    | myelomemory | Checkpoint saved: checkpoints/gnn_trained.pt
2026-03-15 12:43:54 | INFO    | myelomemory | Checkpoint saved: checkpoints/gnn_trained.pt
2026-03-15 12:43:59 | INFO    | myelomemory | Checkpoint saved: checkpoints/gnn_trained.pt
2026-03-15 12:44:04 | INFO    | myelomemory | Checkpoint saved: checkpoints/gnn_trained.pt
2026-03-15 12:44:09 | INFO    | myelomemory.models.gnn | [gnn_train] Epoch 20/100 loss=1157.0606
2026-03-15 12:44:09 | INFO    | myelomemory | Checkpoint saved: checkpoints/gnn_trained.pt
2026-03-15 12:44:14 | INFO    | myelomemory | Checkpoint saved: checkpoints/gnn_trained.pt
2026-03-15 12:44:20 | INFO    | myelomemory | Checkpoint saved: checkpoints/gnn_trained.pt
2026-03-15 12:44:25 | INFO    | myelomemory | Checkpoint saved: checkpoints/gnn_trained.pt
2026-03-15 12:44:30 | INFO    | myelomemory | Checkpoint saved: checkpoints/gnn_trained.pt
2026-03-15 12:44:35 | INFO    | myelomemory | Checkpoint saved: checkpoints/gnn_trained.pt
2026-03-15 12:44:40 | INFO    | myelomemory | Checkpoint saved: checkpoints/gnn_trained.pt
2026-03-15 12:44:46 | INFO    | myelomemory | Checkpoint saved: checkpoints/gnn_trained.pt
2026-03-15 12:44:51 | INFO    | myelomemory | Checkpoint saved: checkpoints/gnn_trained.pt
2026-03-15 12:44:56 | INFO    | myelomemory | Checkpoint saved: checkpoints/gnn_trained.pt
2026-03-15 12:45:01 | INFO    | myelomemory.models.gnn | [gnn_train] Epoch 30/100 loss=785.0013
2026-03-15 12:45:01 | INFO    | myelomemory | Checkpoint saved: checkpoints/gnn_trained.pt
2026-03-15 12:45:17 | INFO    | myelomemory | Checkpoint saved: checkpoints/gnn_trained.pt
2026-03-15 12:45:27 | INFO    | myelomemory | Checkpoint saved: checkpoints/gnn_trained.pt
2026-03-15 12:45:33 | INFO    | myelomemory | Checkpoint saved: checkpoints/gnn_trained.pt
2026-03-15 12:45:38 | INFO    | myelomemory | Checkpoint saved: checkpoints/gnn_trained.pt
2026-03-15 12:45:43 | INFO    | myelomemory | Checkpoint saved: checkpoints/gnn_trained.pt
2026-03-15 12:45:48 | INFO    | myelomemory | Checkpoint saved: checkpoints/gnn_trained.pt
2026-03-15 12:45:53 | INFO    | myelomemory.models.gnn | [gnn_train] Epoch 40/100 loss=677.8429
2026-03-15 12:45:53 | INFO    | myelomemory | Checkpoint saved: checkpoints/gnn_trained.pt
2026-03-15 12:46:04 | INFO    | myelomemory | Checkpoint saved: checkpoints/gnn_trained.pt
2026-03-15 12:46:09 | INFO    | myelomemory | Checkpoint saved: checkpoints/gnn_trained.pt
2026-03-15 12:46:14 | INFO    | myelomemory | Checkpoint saved: checkpoints/gnn_trained.pt
2026-03-15 12:46:19 | INFO    | myelomemory | Checkpoint saved: checkpoints/gnn_trained.pt
2026-03-15 12:46:30 | INFO    | myelomemory | Checkpoint saved: checkpoints/gnn_trained.pt
2026-03-15 12:46:35 | INFO    | myelomemory | Checkpoint saved: checkpoints/gnn_trained.pt
2026-03-15 12:46:40 | INFO    | myelomemory | Checkpoint saved: checkpoints/gnn_trained.pt
2026-03-15 12:46:46 | INFO    | myelomemory.models.gnn | [gnn_train] Epoch 50/100 loss=523.3692
2026-03-15 12:46:56 | INFO    | myelomemory | Checkpoint saved: checkpoints/gnn_trained.pt
2026-03-15 12:47:01 | INFO    | myelomemory | Checkpoint saved: checkpoints/gnn_trained.pt
2026-03-15 12:47:06 | INFO    | myelomemory | Checkpoint saved: checkpoints/gnn_trained.pt
2026-03-15 12:47:12 | INFO    | myelomemory | Checkpoint saved: checkpoints/gnn_trained.pt
2026-03-15 12:47:32 | INFO    | myelomemory | Checkpoint saved: checkpoints/gnn_trained.pt
2026-03-15 12:47:38 | INFO    | myelomemory.models.gnn | [gnn_train] Epoch 60/100 loss=442.2931
2026-03-15 12:47:48 | INFO    | myelomemory | Checkpoint saved: checkpoints/gnn_trained.pt
2026-03-15 12:47:53 | INFO    | myelomemory | Checkpoint saved: checkpoints/gnn_trained.pt
2026-03-15 12:48:04 | INFO    | myelomemory | Checkpoint saved: checkpoints/gnn_trained.pt
2026-03-15 12:48:14 | INFO    | myelomemory | Checkpoint saved: checkpoints/gnn_trained.pt
2026-03-15 12:48:30 | INFO    | myelomemory.models.gnn | [gnn_train] Epoch 70/100 loss=380.0821
2026-03-15 12:48:30 | INFO    | myelomemory | Checkpoint saved: checkpoints/gnn_trained.pt
2026-03-15 12:48:35 | INFO    | myelomemory | Checkpoint saved: checkpoints/gnn_trained.pt
2026-03-15 12:48:40 | INFO    | myelomemory | Checkpoint saved: checkpoints/gnn_trained.pt
2026-03-15 12:49:01 | INFO    | myelomemory | Checkpoint saved: checkpoints/gnn_trained.pt
2026-03-15 12:49:22 | INFO    | myelomemory.models.gnn | [gnn_train] Epoch 80/100 loss=339.0952
2026-03-15 12:49:58 | INFO    | myelomemory | Checkpoint saved: checkpoints/gnn_trained.pt
2026-03-15 12:50:09 | INFO    | myelomemory | Checkpoint saved: checkpoints/gnn_trained.pt
2026-03-15 12:50:14 | INFO    | myelomemory.models.gnn | [gnn_train] Epoch 90/100 loss=353.5982
2026-03-15 12:50:19 | INFO    | myelomemory | Checkpoint saved: checkpoints/gnn_trained.pt
2026-03-15 12:51:06 | INFO    | myelomemory.models.gnn | [gnn_train] Epoch 100/100 loss=349.7669
2026-03-15 12:51:06 | INFO    | myelomemory | <<< STAGE END: gnn_train (8.8 min) | best_val_loss=323.8386 final_epoch=100
2026-03-15 12:51:06 | INFO    | myelomemory | === Pipeline stage: validate ===
2026-03-15 12:51:06 | INFO    | myelomemory | >>> STAGE START: validate
2026-03-15 12:51:06 | INFO    | myelomemory | Checkpoint loaded: checkpoints/vae_finetuned.pt (saved 2026-03-15T08:57:55.650777+00:00)
2026-03-15 12:51:06 | INFO    | myelomemory.inference.pipeline | Loaded VAE from vae_finetuned checkpoint (input_dim=7853, epigenome_dim=42)
2026-03-15 12:51:06 | INFO    | myelomemory | Checkpoint loaded: checkpoints/stability_calibrated.pt (saved 2026-03-15T08:59:23.038657+00:00)
2026-03-15 12:51:06 | INFO    | myelomemory.inference.pipeline | Loaded stability scorer from stability_calibrated checkpoint
2026-03-15 12:51:06 | INFO    | myelomemory | Checkpoint loaded: checkpoints/gnn_trained.pt (saved 2026-03-15T17:50:19.639003+00:00)
2026-03-15 12:51:06 | INFO    | myelomemory.inference.pipeline | Loaded GNN from gnn_trained checkpoint (hidden=128, layers=3, drugs=2)
2026-03-15 12:51:07 | INFO    | myelomemory | Checkpoint loaded: checkpoints/data_ready.pt (saved 2026-03-15T08:55:57.312160+00:00)
2026-03-15 12:56:20 | INFO    | myelomemory.utils.metrics | Pipeline metrics (test): 367 samples, mean_stability=0.784
2026-03-15 12:56:20 | INFO    | myelomemory | Checkpoint saved: checkpoints/pipeline_validated.pt
2026-03-15 12:56:20 | INFO    | myelomemory | <<< STAGE END: validate (5.2 min) | split=test n_samples=367 mean_stability=0.7843 std_stability=0.0000 n_high_stability=367 n_medium_stability=0 n_low_stability=0
2026-03-15 12:56:20 | INFO    | myelomemory | === Pipeline stage: serve ===
2026-03-15 12:56:20 | INFO    | myelomemory | >>> STAGE START: serve
2026-03-15 12:56:20 | INFO    | myelomemory | Checkpoint loaded: checkpoints/vae_finetuned.pt (saved 2026-03-15T08:57:55.650777+00:00)
2026-03-15 12:56:20 | INFO    | myelomemory.inference.pipeline | Loaded VAE from vae_finetuned checkpoint (input_dim=7853, epigenome_dim=42)
2026-03-15 12:56:20 | INFO    | myelomemory | Checkpoint loaded: checkpoints/stability_calibrated.pt (saved 2026-03-15T08:59:23.038657+00:00)
2026-03-15 12:56:20 | INFO    | myelomemory.inference.pipeline | Loaded stability scorer from stability_calibrated checkpoint
2026-03-15 12:56:20 | INFO    | myelomemory | Checkpoint loaded: checkpoints/gnn_trained.pt (saved 2026-03-15T17:50:19.639003+00:00)
2026-03-15 12:56:20 | INFO    | myelomemory.inference.pipeline | Loaded GNN from gnn_trained checkpoint (hidden=128, layers=3, drugs=2)
2026-03-15 12:56:20 | INFO    | myelomemory.inference.api | Pipeline loaded successfully
2026-03-15 12:59:26 | WARNING | myelomemory | W&B init failed (continuing without): No API key configured. Use `wandb login` to log in.
2026-03-15 12:59:28 | INFO    | myelomemory | >>> STAGE START: serve
2026-03-15 12:59:28 | INFO    | myelomemory | Checkpoint loaded: checkpoints/vae_finetuned.pt (saved 2026-03-15T08:57:55.650777+00:00)
2026-03-15 12:59:29 | INFO    | myelomemory.inference.pipeline | Loaded VAE from vae_finetuned checkpoint (input_dim=7853, epigenome_dim=42)
2026-03-15 12:59:29 | INFO    | myelomemory | Checkpoint loaded: checkpoints/stability_calibrated.pt (saved 2026-03-15T08:59:23.038657+00:00)
2026-03-15 12:59:29 | INFO    | myelomemory.inference.pipeline | Loaded stability scorer from stability_calibrated checkpoint
2026-03-15 12:59:29 | INFO    | myelomemory | Checkpoint loaded: checkpoints/gnn_trained.pt (saved 2026-03-15T17:50:19.639003+00:00)
2026-03-15 12:59:29 | INFO    | myelomemory.inference.pipeline | Loaded GNN from gnn_trained checkpoint (hidden=128, layers=3, drugs=2)
2026-03-15 12:59:29 | INFO    | myelomemory.inference.api | Pipeline loaded successfully
2026-03-15 13:07:50 | WARNING | myelomemory | W&B init failed (continuing without): No API key configured. Use `wandb login` to log in.
2026-03-15 13:07:50 | INFO    | myelomemory | === Pipeline stage: data_validate ===
2026-03-15 13:07:50 | INFO    | myelomemory | >>> STAGE START: data_validate
2026-03-15 13:07:50 | INFO    | myelomemory | <<< STAGE END: data_validate (0.0 min)
2026-03-15 13:07:50 | INFO    | myelomemory | === Pipeline stage: data_prep ===
2026-03-15 13:07:51 | INFO    | myelomemory | === Pipeline stage: vae_pretrain ===
2026-03-15 13:07:51 | INFO    | myelomemory | === Pipeline stage: vae_finetune ===
2026-03-15 13:07:51 | INFO    | myelomemory | === Pipeline stage: stability_calibrate ===
2026-03-15 13:07:51 | INFO    | myelomemory | >>> STAGE START: stability_calibrate
2026-03-15 13:07:51 | INFO    | myelomemory | Checkpoint loaded: checkpoints/data_ready.pt (saved 2026-03-15T08:55:57.312160+00:00)
2026-03-15 13:07:51 | INFO    | myelomemory | Checkpoint loaded: checkpoints/vae_finetuned.pt (saved 2026-03-15T08:57:55.650777+00:00)
2026-03-15 13:07:54 | INFO    | myelomemory | Checkpoint saved: checkpoints/stability_calibrated.pt
2026-03-15 13:07:55 | INFO    | myelomemory | Checkpoint saved: checkpoints/stability_calibrated.pt
2026-03-15 13:07:57 | INFO    | myelomemory | Checkpoint saved: checkpoints/stability_calibrated.pt
2026-03-15 13:08:03 | INFO    | myelomemory | Checkpoint saved: checkpoints/stability_calibrated.pt
2026-03-15 13:08:04 | INFO    | myelomemory | Checkpoint saved: checkpoints/stability_calibrated.pt
2026-03-15 13:08:06 | INFO    | myelomemory | Checkpoint saved: checkpoints/stability_calibrated.pt
2026-03-15 13:08:12 | INFO    | myelomemory | Checkpoint saved: checkpoints/stability_calibrated.pt
2026-03-15 13:08:19 | INFO    | myelomemory | Checkpoint saved: checkpoints/stability_calibrated.pt
2026-03-15 13:08:20 | INFO    | myelomemory | Checkpoint saved: checkpoints/stability_calibrated.pt
2026-03-15 13:08:23 | INFO    | myelomemory | Checkpoint saved: checkpoints/stability_calibrated.pt
2026-03-15 13:08:26 | INFO    | myelomemory | Checkpoint saved: checkpoints/stability_calibrated.pt
2026-03-15 13:08:37 | INFO    | myelomemory | Checkpoint saved: checkpoints/stability_calibrated.pt
2026-03-15 13:08:40 | INFO    | myelomemory | Checkpoint saved: checkpoints/stability_calibrated.pt
2026-03-15 13:08:53 | INFO    | myelomemory | Checkpoint saved: checkpoints/stability_calibrated.pt
2026-03-15 13:08:57 | INFO    | myelomemory | Checkpoint saved: checkpoints/stability_calibrated.pt
2026-03-15 13:09:08 | INFO    | myelomemory.models.stability | [stability_calibrate] Epoch 50/200 loss=0.0587
2026-03-15 13:09:12 | INFO    | myelomemory | Checkpoint saved: checkpoints/stability_calibrated.pt
2026-03-15 13:09:21 | INFO    | myelomemory | Checkpoint saved: checkpoints/stability_calibrated.pt
2026-03-15 13:09:36 | INFO    | myelomemory | Checkpoint saved: checkpoints/stability_calibrated.pt
2026-03-15 13:26:57 | WARNING | myelomemory | W&B init failed (continuing without): No API key configured. Use `wandb login` to log in.
2026-03-15 13:26:57 | INFO    | myelomemory | === Pipeline stage: data_validate ===
2026-03-15 13:26:57 | INFO    | myelomemory | >>> STAGE START: data_validate
2026-03-15 13:26:57 | INFO    | myelomemory | <<< STAGE END: data_validate (0.0 min)
2026-03-15 13:26:57 | INFO    | myelomemory | === Pipeline stage: data_prep ===
2026-03-15 13:26:58 | INFO    | myelomemory | === Pipeline stage: vae_pretrain ===
2026-03-15 13:26:58 | INFO    | myelomemory | === Pipeline stage: vae_finetune ===
2026-03-15 13:26:58 | INFO    | myelomemory | === Pipeline stage: stability_calibrate ===
2026-03-15 13:26:58 | INFO    | myelomemory | >>> STAGE START: stability_calibrate
2026-03-15 13:26:58 | INFO    | myelomemory | Checkpoint loaded: checkpoints/data_ready.pt (saved 2026-03-15T08:55:57.312160+00:00)
2026-03-15 13:26:59 | INFO    | myelomemory | Checkpoint loaded: checkpoints/vae_finetuned.pt (saved 2026-03-15T08:57:55.650777+00:00)
2026-03-15 13:27:00 | INFO    | myelomemory | Checkpoint saved: checkpoints/stability_calibrated.pt
2026-03-15 13:27:01 | INFO    | myelomemory | Checkpoint saved: checkpoints/stability_calibrated.pt
2026-03-15 13:27:01 | INFO    | myelomemory | Checkpoint saved: checkpoints/stability_calibrated.pt
2026-03-15 13:27:01 | INFO    | myelomemory | Checkpoint saved: checkpoints/stability_calibrated.pt
2026-03-15 13:27:01 | INFO    | myelomemory | Checkpoint saved: checkpoints/stability_calibrated.pt
2026-03-15 13:27:02 | INFO    | myelomemory | Checkpoint saved: checkpoints/stability_calibrated.pt
2026-03-15 13:27:02 | INFO    | myelomemory | Checkpoint saved: checkpoints/stability_calibrated.pt
2026-03-15 13:27:02 | INFO    | myelomemory | Checkpoint saved: checkpoints/stability_calibrated.pt
2026-03-15 13:27:02 | INFO    | myelomemory | Checkpoint saved: checkpoints/stability_calibrated.pt
2026-03-15 13:27:03 | INFO    | myelomemory.models.stability | [stability_calibrate] Epoch 50/200 loss=nan
2026-03-15 13:27:06 | INFO    | myelomemory.models.stability | [stability_calibrate] Epoch 100/200 loss=nan
2026-03-15 13:27:09 | INFO    | myelomemory.models.stability | [stability_calibrate] Epoch 150/200 loss=nan
2026-03-15 13:27:12 | INFO    | myelomemory.models.stability | [stability_calibrate] Epoch 200/200 loss=nan
2026-03-15 13:27:12 | INFO    | myelomemory | <<< STAGE END: stability_calibrate (0.2 min) | best_calibration_loss=0.0790 n_valid_samples=255
2026-03-15 13:27:12 | INFO    | myelomemory | === Pipeline stage: gnn_train ===
2026-03-15 13:27:12 | INFO    | myelomemory | >>> STAGE START: gnn_train
2026-03-15 13:27:12 | INFO    | myelomemory | Checkpoint loaded: checkpoints/data_ready.pt (saved 2026-03-15T08:55:57.312160+00:00)
2026-03-15 13:27:13 | INFO    | myelomemory | Checkpoint loaded: checkpoints/vae_finetuned.pt (saved 2026-03-15T08:57:55.650777+00:00)
2026-03-15 13:27:13 | INFO    | myelomemory | Checkpoint loaded: checkpoints/stability_calibrated.pt (saved 2026-03-15T18:27:02.660443+00:00)
2026-03-15 13:27:13 | INFO    | myelomemory.models.gnn | Loading frozen VAE for memory state extraction
2026-03-15 13:27:13 | INFO    | myelomemory.models.gnn | Loading frozen stability scorer
2026-03-15 13:27:13 | INFO    | myelomemory.models.gnn | Building PPI graph from dataset
2026-03-15 13:27:13 | INFO    | myelomemory.data.graph_builder | PPI graph: 7853 nodes, 460888 directed edges
2026-03-15 13:27:13 | INFO    | myelomemory.models.gnn | PPI graph: 7853 nodes, 460888 edges
2026-03-15 13:27:13 | INFO    | myelomemory.models.gnn | Pre-computing memory states and stability scores for all samples
2026-03-15 13:27:13 | INFO    | myelomemory.models.gnn | Pre-computed: 367 memory states, mean stability=nan
2026-03-15 13:28:05 | INFO    | myelomemory.models.gnn | [gnn_train] Epoch 10/100 loss=nan
2026-03-15 13:28:58 | INFO    | myelomemory.models.gnn | [gnn_train] Epoch 20/100 loss=nan
2026-03-15 13:28:58 | INFO    | myelomemory.models.gnn | Early stopping at epoch 20
2026-03-15 13:28:58 | INFO    | myelomemory | <<< STAGE END: gnn_train (1.8 min) | best_val_loss=inf final_epoch=20
2026-03-15 13:28:58 | INFO    | myelomemory | === Pipeline stage: validate ===
2026-03-15 13:28:58 | INFO    | myelomemory | >>> STAGE START: validate
2026-03-15 13:28:58 | INFO    | myelomemory | Checkpoint loaded: checkpoints/vae_finetuned.pt (saved 2026-03-15T08:57:55.650777+00:00)
2026-03-15 13:28:58 | INFO    | myelomemory.inference.pipeline | Loaded VAE from vae_finetuned checkpoint (input_dim=7853, epigenome_dim=42)
2026-03-15 13:28:58 | INFO    | myelomemory | Checkpoint loaded: checkpoints/stability_calibrated.pt (saved 2026-03-15T18:27:02.660443+00:00)
2026-03-15 13:28:58 | INFO    | myelomemory.inference.pipeline | Loaded stability scorer from stability_calibrated checkpoint
2026-03-15 13:30:19 | WARNING | myelomemory | W&B init failed (continuing without): No API key configured. Use `wandb login` to log in.
2026-03-15 13:30:19 | INFO    | myelomemory | === Pipeline stage: data_validate ===
2026-03-15 13:30:19 | INFO    | myelomemory | >>> STAGE START: data_validate
2026-03-15 13:30:19 | INFO    | myelomemory | <<< STAGE END: data_validate (0.0 min)
2026-03-15 13:30:19 | INFO    | myelomemory | === Pipeline stage: data_prep ===
2026-03-15 13:30:20 | INFO    | myelomemory | === Pipeline stage: vae_pretrain ===
2026-03-15 13:30:20 | INFO    | myelomemory | === Pipeline stage: vae_finetune ===
2026-03-15 13:30:20 | INFO    | myelomemory | === Pipeline stage: stability_calibrate ===
2026-03-15 13:30:20 | INFO    | myelomemory | >>> STAGE START: stability_calibrate
2026-03-15 13:30:20 | INFO    | myelomemory | Checkpoint loaded: checkpoints/data_ready.pt (saved 2026-03-15T08:55:57.312160+00:00)
2026-03-15 13:30:20 | INFO    | myelomemory | Checkpoint loaded: checkpoints/vae_finetuned.pt (saved 2026-03-15T08:57:55.650777+00:00)
2026-03-15 13:30:22 | INFO    | myelomemory | Checkpoint saved: checkpoints/stability_calibrated.pt
2026-03-15 13:30:22 | INFO    | myelomemory | Checkpoint saved: checkpoints/stability_calibrated.pt
2026-03-15 13:30:22 | INFO    | myelomemory | Checkpoint saved: checkpoints/stability_calibrated.pt
2026-03-15 13:30:22 | INFO    | myelomemory | Checkpoint saved: checkpoints/stability_calibrated.pt
2026-03-15 13:30:22 | INFO    | myelomemory | Checkpoint saved: checkpoints/stability_calibrated.pt
2026-03-15 13:30:22 | INFO    | myelomemory | Checkpoint saved: checkpoints/stability_calibrated.pt
2026-03-15 13:30:23 | INFO    | myelomemory | Checkpoint saved: checkpoints/stability_calibrated.pt
2026-03-15 13:30:23 | INFO    | myelomemory | Checkpoint saved: checkpoints/stability_calibrated.pt
2026-03-15 13:30:23 | INFO    | myelomemory | Checkpoint saved: checkpoints/stability_calibrated.pt
2026-03-15 13:30:23 | INFO    | myelomemory | Checkpoint saved: checkpoints/stability_calibrated.pt
2026-03-15 13:30:23 | INFO    | myelomemory | Checkpoint saved: checkpoints/stability_calibrated.pt
2026-03-15 13:30:24 | INFO    | myelomemory | Checkpoint saved: checkpoints/stability_calibrated.pt
2026-03-15 13:30:24 | INFO    | myelomemory | Checkpoint saved: checkpoints/stability_calibrated.pt
2026-03-15 13:30:25 | INFO    | myelomemory.models.stability | [stability_calibrate] Epoch 50/200 loss=nan
2026-03-15 13:30:25 | INFO    | myelomemory | Checkpoint saved: checkpoints/stability_calibrated.pt
2026-03-15 13:30:25 | INFO    | myelomemory | Checkpoint saved: checkpoints/stability_calibrated.pt
2026-03-15 13:30:25 | INFO    | myelomemory | Checkpoint saved: checkpoints/stability_calibrated.pt
2026-03-15 13:30:26 | INFO    | myelomemory | Checkpoint saved: checkpoints/stability_calibrated.pt
2026-03-15 13:30:27 | INFO    | myelomemory.models.stability | [stability_calibrate] Epoch 100/200 loss=nan
2026-03-15 13:30:31 | INFO    | myelomemory.models.stability | [stability_calibrate] Epoch 150/200 loss=nan
2026-03-15 13:30:34 | INFO    | myelomemory.models.stability | [stability_calibrate] Epoch 200/200 loss=nan
2026-03-15 13:30:34 | INFO    | myelomemory | <<< STAGE END: stability_calibrate (0.2 min) | best_calibration_loss=0.0601 n_valid_samples=255
2026-03-15 13:30:34 | INFO    | myelomemory | === Pipeline stage: gnn_train ===
2026-03-15 13:30:34 | INFO    | myelomemory | >>> STAGE START: gnn_train
2026-03-15 13:30:34 | INFO    | myelomemory | Checkpoint loaded: checkpoints/data_ready.pt (saved 2026-03-15T08:55:57.312160+00:00)
2026-03-15 13:30:34 | INFO    | myelomemory | Checkpoint loaded: checkpoints/vae_finetuned.pt (saved 2026-03-15T08:57:55.650777+00:00)
2026-03-15 13:30:34 | INFO    | myelomemory | Checkpoint loaded: checkpoints/stability_calibrated.pt (saved 2026-03-15T18:30:26.600639+00:00)
2026-03-15 13:30:34 | INFO    | myelomemory.models.gnn | Loading frozen VAE for memory state extraction
2026-03-15 13:30:35 | INFO    | myelomemory.models.gnn | Loading frozen stability scorer
2026-03-15 13:30:35 | INFO    | myelomemory.models.gnn | Building PPI graph from dataset
2026-03-15 13:30:35 | INFO    | myelomemory.data.graph_builder | PPI graph: 7853 nodes, 460888 directed edges
2026-03-15 13:30:35 | INFO    | myelomemory.models.gnn | PPI graph: 7853 nodes, 460888 edges
2026-03-15 13:30:35 | INFO    | myelomemory.models.gnn | Pre-computing memory states and stability scores for all samples
2026-03-15 13:30:35 | INFO    | myelomemory.models.gnn | Pre-computed: 367 memory states, mean stability=nan
2026-03-15 13:31:27 | INFO    | myelomemory.models.gnn | [gnn_train] Epoch 10/100 loss=nan
2026-03-15 13:32:19 | INFO    | myelomemory.models.gnn | [gnn_train] Epoch 20/100 loss=nan
2026-03-15 13:32:19 | INFO    | myelomemory.models.gnn | Early stopping at epoch 20
2026-03-15 13:32:19 | INFO    | myelomemory | <<< STAGE END: gnn_train (1.8 min) | best_val_loss=inf final_epoch=20
2026-03-15 13:32:19 | INFO    | myelomemory | === Pipeline stage: validate ===
2026-03-15 13:32:19 | INFO    | myelomemory | >>> STAGE START: validate
2026-03-15 13:32:19 | INFO    | myelomemory | Checkpoint loaded: checkpoints/vae_finetuned.pt (saved 2026-03-15T08:57:55.650777+00:00)
2026-03-15 13:32:19 | INFO    | myelomemory.inference.pipeline | Loaded VAE from vae_finetuned checkpoint (input_dim=7853, epigenome_dim=42)
2026-03-15 13:32:19 | INFO    | myelomemory | Checkpoint loaded: checkpoints/stability_calibrated.pt (saved 2026-03-15T18:30:26.600639+00:00)
2026-03-15 13:32:19 | INFO    | myelomemory.inference.pipeline | Loaded stability scorer from stability_calibrated checkpoint
2026-03-15 13:39:14 | WARNING | myelomemory | W&B init failed (continuing without): No API key configured. Use `wandb login` to log in.
2026-03-15 13:39:14 | INFO    | myelomemory | === Pipeline stage: data_validate ===
2026-03-15 13:39:14 | INFO    | myelomemory | >>> STAGE START: data_validate
2026-03-15 13:39:14 | INFO    | myelomemory | <<< STAGE END: data_validate (0.0 min)
2026-03-15 13:39:14 | INFO    | myelomemory | === Pipeline stage: data_prep ===
2026-03-15 13:39:15 | INFO    | myelomemory | === Pipeline stage: vae_pretrain ===
2026-03-15 13:39:15 | INFO    | myelomemory | === Pipeline stage: vae_finetune ===
2026-03-15 13:39:15 | INFO    | myelomemory | === Pipeline stage: stability_calibrate ===
2026-03-15 13:39:15 | INFO    | myelomemory | >>> STAGE START: stability_calibrate
2026-03-15 13:39:15 | INFO    | myelomemory | Checkpoint loaded: checkpoints/data_ready.pt (saved 2026-03-15T08:55:57.312160+00:00)
2026-03-15 13:39:15 | INFO    | myelomemory | Checkpoint loaded: checkpoints/vae_finetuned.pt (saved 2026-03-15T08:57:55.650777+00:00)
2026-03-15 13:39:18 | INFO    | myelomemory | Checkpoint saved: checkpoints/stability_calibrated.pt
2026-03-15 13:39:18 | INFO    | myelomemory | Checkpoint saved: checkpoints/stability_calibrated.pt
2026-03-15 13:39:20 | INFO    | myelomemory | Checkpoint saved: checkpoints/stability_calibrated.pt
2026-03-15 13:39:26 | INFO    | myelomemory | Checkpoint saved: checkpoints/stability_calibrated.pt
2026-03-15 13:39:27 | INFO    | myelomemory | Checkpoint saved: checkpoints/stability_calibrated.pt
2026-03-15 13:39:30 | INFO    | myelomemory | Checkpoint saved: checkpoints/stability_calibrated.pt
2026-03-15 13:39:31 | INFO    | myelomemory | Checkpoint saved: checkpoints/stability_calibrated.pt
2026-03-15 13:39:32 | INFO    | myelomemory | Checkpoint saved: checkpoints/stability_calibrated.pt
2026-03-15 13:39:34 | INFO    | myelomemory | Checkpoint saved: checkpoints/stability_calibrated.pt
2026-03-15 13:39:36 | INFO    | myelomemory | Checkpoint saved: checkpoints/stability_calibrated.pt
2026-03-15 13:39:38 | INFO    | myelomemory | Checkpoint saved: checkpoints/stability_calibrated.pt
2026-03-15 13:39:39 | INFO    | myelomemory | Checkpoint saved: checkpoints/stability_calibrated.pt
2026-03-15 13:39:42 | INFO    | myelomemory | Checkpoint saved: checkpoints/stability_calibrated.pt
2026-03-15 13:39:42 | INFO    | myelomemory | Checkpoint saved: checkpoints/stability_calibrated.pt
2026-03-15 13:39:43 | INFO    | myelomemory.models.stability | [stability_calibrate] Epoch 50/200 loss=0.0629
2026-03-15 13:39:44 | INFO    | myelomemory | Checkpoint saved: checkpoints/stability_calibrated.pt
2026-03-15 13:39:45 | INFO    | myelomemory | Checkpoint saved: checkpoints/stability_calibrated.pt
2026-03-15 13:39:48 | INFO    | myelomemory | Checkpoint saved: checkpoints/stability_calibrated.pt
2026-03-15 13:39:49 | INFO    | myelomemory | Checkpoint saved: checkpoints/stability_calibrated.pt
2026-03-15 13:39:51 | INFO    | myelomemory | Checkpoint saved: checkpoints/stability_calibrated.pt
2026-03-15 13:39:53 | INFO    | myelomemory | Checkpoint saved: checkpoints/stability_calibrated.pt
2026-03-15 13:39:58 | INFO    | myelomemory | Checkpoint saved: checkpoints/stability_calibrated.pt
2026-03-15 13:40:01 | INFO    | myelomemory | Checkpoint saved: checkpoints/stability_calibrated.pt
2026-03-15 13:40:02 | INFO    | myelomemory | Checkpoint saved: checkpoints/stability_calibrated.pt
2026-03-15 13:40:02 | INFO    | myelomemory | Checkpoint saved: checkpoints/stability_calibrated.pt
2026-03-15 13:40:08 | INFO    | myelomemory.models.stability | [stability_calibrate] Epoch 100/200 loss=0.0276
2026-03-15 13:40:14 | INFO    | myelomemory | Checkpoint saved: checkpoints/stability_calibrated.pt
2026-03-15 13:40:33 | INFO    | myelomemory.models.stability | [stability_calibrate] Epoch 150/200 loss=0.0150
2026-03-15 13:40:45 | INFO    | myelomemory | Checkpoint saved: checkpoints/stability_calibrated.pt
2026-03-15 13:40:59 | INFO    | myelomemory.models.stability | [stability_calibrate] Epoch 200/200 loss=0.0126
2026-03-15 13:40:59 | INFO    | myelomemory | <<< STAGE END: stability_calibrate (1.7 min) | best_calibration_loss=0.0062 n_valid_samples=255
2026-03-15 13:40:59 | INFO    | myelomemory | === Pipeline stage: gnn_train ===
2026-03-15 13:40:59 | INFO    | myelomemory | >>> STAGE START: gnn_train
2026-03-15 13:40:59 | INFO    | myelomemory | Checkpoint loaded: checkpoints/data_ready.pt (saved 2026-03-15T08:55:57.312160+00:00)
2026-03-15 13:40:59 | INFO    | myelomemory | Checkpoint loaded: checkpoints/vae_finetuned.pt (saved 2026-03-15T08:57:55.650777+00:00)
2026-03-15 13:40:59 | INFO    | myelomemory | Checkpoint loaded: checkpoints/stability_calibrated.pt (saved 2026-03-15T18:40:45.334402+00:00)
2026-03-15 13:40:59 | INFO    | myelomemory.models.gnn | Loading frozen VAE for memory state extraction
2026-03-15 13:40:59 | INFO    | myelomemory.models.gnn | Loading frozen stability scorer
2026-03-15 13:40:59 | INFO    | myelomemory.models.gnn | Building PPI graph from dataset
2026-03-15 13:41:00 | INFO    | myelomemory.data.graph_builder | PPI graph: 7853 nodes, 460888 directed edges
2026-03-15 13:41:00 | INFO    | myelomemory.models.gnn | PPI graph: 7853 nodes, 460888 edges
2026-03-15 13:41:00 | INFO    | myelomemory.models.gnn | Pre-computing memory states and stability scores for all samples
2026-03-15 13:41:01 | INFO    | myelomemory.models.gnn | Pre-computed: 367 memory states, mean stability=0.881
2026-03-15 13:41:06 | INFO    | myelomemory | Checkpoint saved: checkpoints/gnn_trained.pt
2026-03-15 13:41:11 | INFO    | myelomemory | Checkpoint saved: checkpoints/gnn_trained.pt
2026-03-15 13:41:16 | INFO    | myelomemory | Checkpoint saved: checkpoints/gnn_trained.pt
2026-03-15 13:41:22 | INFO    | myelomemory | Checkpoint saved: checkpoints/gnn_trained.pt
2026-03-15 13:41:27 | INFO    | myelomemory | Checkpoint saved: checkpoints/gnn_trained.pt
2026-03-15 13:41:32 | INFO    | myelomemory | Checkpoint saved: checkpoints/gnn_trained.pt
2026-03-15 13:41:37 | INFO    | myelomemory | Checkpoint saved: checkpoints/gnn_trained.pt
2026-03-15 13:41:43 | INFO    | myelomemory | Checkpoint saved: checkpoints/gnn_trained.pt
2026-03-15 13:41:48 | INFO    | myelomemory | Checkpoint saved: checkpoints/gnn_trained.pt
2026-03-15 13:41:53 | INFO    | myelomemory.models.gnn | [gnn_train] Epoch 10/100 loss=1983.2343
2026-03-15 13:41:53 | INFO    | myelomemory | Checkpoint saved: checkpoints/gnn_trained.pt
2026-03-15 13:41:58 | INFO    | myelomemory | Checkpoint saved: checkpoints/gnn_trained.pt
2026-03-15 13:42:03 | INFO    | myelomemory | Checkpoint saved: checkpoints/gnn_trained.pt
2026-03-15 13:42:09 | INFO    | myelomemory | Checkpoint saved: checkpoints/gnn_trained.pt
2026-03-15 13:42:14 | INFO    | myelomemory | Checkpoint saved: checkpoints/gnn_trained.pt
2026-03-15 13:42:19 | INFO    | myelomemory | Checkpoint saved: checkpoints/gnn_trained.pt
2026-03-15 13:42:24 | INFO    | myelomemory | Checkpoint saved: checkpoints/gnn_trained.pt
2026-03-15 13:42:30 | INFO    | myelomemory | Checkpoint saved: checkpoints/gnn_trained.pt
2026-03-15 13:42:35 | INFO    | myelomemory | Checkpoint saved: checkpoints/gnn_trained.pt
2026-03-15 13:42:40 | INFO    | myelomemory | Checkpoint saved: checkpoints/gnn_trained.pt
2026-03-15 13:42:45 | INFO    | myelomemory.models.gnn | [gnn_train] Epoch 20/100 loss=1052.7779
2026-03-15 13:42:45 | INFO    | myelomemory | Checkpoint saved: checkpoints/gnn_trained.pt
2026-03-15 13:42:50 | INFO    | myelomemory | Checkpoint saved: checkpoints/gnn_trained.pt
2026-03-15 13:42:56 | INFO    | myelomemory | Checkpoint saved: checkpoints/gnn_trained.pt
2026-03-15 13:43:01 | INFO    | myelomemory | Checkpoint saved: checkpoints/gnn_trained.pt
2026-03-15 13:43:06 | INFO    | myelomemory | Checkpoint saved: checkpoints/gnn_trained.pt
2026-03-15 13:43:17 | INFO    | myelomemory | Checkpoint saved: checkpoints/gnn_trained.pt
2026-03-15 13:43:22 | INFO    | myelomemory | Checkpoint saved: checkpoints/gnn_trained.pt
2026-03-15 13:43:27 | INFO    | myelomemory | Checkpoint saved: checkpoints/gnn_trained.pt
2026-03-15 13:43:32 | INFO    | myelomemory | Checkpoint saved: checkpoints/gnn_trained.pt
2026-03-15 13:43:37 | INFO    | myelomemory.models.gnn | [gnn_train] Epoch 30/100 loss=769.7957
2026-03-15 13:43:48 | INFO    | myelomemory | Checkpoint saved: checkpoints/gnn_trained.pt
2026-03-15 13:43:53 | INFO    | myelomemory | Checkpoint saved: checkpoints/gnn_trained.pt
2026-03-15 13:43:58 | INFO    | myelomemory | Checkpoint saved: checkpoints/gnn_trained.pt
2026-03-15 13:44:04 | INFO    | myelomemory | Checkpoint saved: checkpoints/gnn_trained.pt
2026-03-15 13:44:14 | INFO    | myelomemory | Checkpoint saved: checkpoints/gnn_trained.pt
2026-03-15 13:44:19 | INFO    | myelomemory | Checkpoint saved: checkpoints/gnn_trained.pt
2026-03-15 13:44:25 | INFO    | myelomemory | Checkpoint saved: checkpoints/gnn_trained.pt
2026-03-15 13:44:30 | INFO    | myelomemory.models.gnn | [gnn_train] Epoch 40/100 loss=608.6412
2026-03-15 13:44:30 | INFO    | myelomemory | Checkpoint saved: checkpoints/gnn_trained.pt
2026-03-15 13:44:35 | INFO    | myelomemory | Checkpoint saved: checkpoints/gnn_trained.pt
2026-03-15 13:44:40 | INFO    | myelomemory | Checkpoint saved: checkpoints/gnn_trained.pt
2026-03-15 13:44:51 | INFO    | myelomemory | Checkpoint saved: checkpoints/gnn_trained.pt
2026-03-15 13:44:56 | INFO    | myelomemory | Checkpoint saved: checkpoints/gnn_trained.pt
2026-03-15 13:45:01 | INFO    | myelomemory | Checkpoint saved: checkpoints/gnn_trained.pt
2026-03-15 13:45:06 | INFO    | myelomemory | Checkpoint saved: checkpoints/gnn_trained.pt
2026-03-15 13:45:11 | INFO    | myelomemory | Checkpoint saved: checkpoints/gnn_trained.pt
2026-03-15 13:45:17 | INFO    | myelomemory | Checkpoint saved: checkpoints/gnn_trained.pt
2026-03-15 13:45:22 | INFO    | myelomemory.models.gnn | [gnn_train] Epoch 50/100 loss=513.7333
2026-03-15 13:45:27 | INFO    | myelomemory | Checkpoint saved: checkpoints/gnn_trained.pt
2026-03-15 13:45:38 | INFO    | myelomemory | Checkpoint saved: checkpoints/gnn_trained.pt
2026-03-15 13:45:43 | INFO    | myelomemory | Checkpoint saved: checkpoints/gnn_trained.pt
2026-03-15 13:45:48 | INFO    | myelomemory | Checkpoint saved: checkpoints/gnn_trained.pt
2026-03-15 13:45:53 | INFO    | myelomemory | Checkpoint saved: checkpoints/gnn_trained.pt
2026-03-15 13:46:09 | INFO    | myelomemory | Checkpoint saved: checkpoints/gnn_trained.pt
2026-03-15 13:46:14 | INFO    | myelomemory.models.gnn | [gnn_train] Epoch 60/100 loss=409.0252
2026-03-15 13:46:25 | INFO    | myelomemory | Checkpoint saved: checkpoints/gnn_trained.pt
2026-03-15 13:46:40 | INFO    | myelomemory | Checkpoint saved: checkpoints/gnn_trained.pt
2026-03-15 13:46:45 | INFO    | myelomemory | Checkpoint saved: checkpoints/gnn_trained.pt
2026-03-15 13:46:51 | INFO    | myelomemory | Checkpoint saved: checkpoints/gnn_trained.pt
2026-03-15 13:47:06 | INFO    | myelomemory.models.gnn | [gnn_train] Epoch 70/100 loss=370.2221
2026-03-15 13:47:12 | INFO    | myelomemory | Checkpoint saved: checkpoints/gnn_trained.pt
2026-03-15 13:47:17 | INFO    | myelomemory | Checkpoint saved: checkpoints/gnn_trained.pt
2026-03-15 13:47:58 | INFO    | myelomemory.models.gnn | [gnn_train] Epoch 80/100 loss=334.4676
2026-03-15 13:48:25 | INFO    | myelomemory | Checkpoint saved: checkpoints/gnn_trained.pt
2026-03-15 13:48:51 | INFO    | myelomemory.models.gnn | [gnn_train] Epoch 90/100 loss=327.4414
2026-03-15 13:49:43 | INFO    | myelomemory.models.gnn | [gnn_train] Epoch 100/100 loss=324.3478
2026-03-15 13:49:43 | INFO    | myelomemory | <<< STAGE END: gnn_train (8.7 min) | best_val_loss=304.9139 final_epoch=100
2026-03-15 13:49:43 | INFO    | myelomemory | === Pipeline stage: validate ===
2026-03-15 13:49:43 | INFO    | myelomemory | >>> STAGE START: validate
2026-03-15 13:49:43 | INFO    | myelomemory | Checkpoint loaded: checkpoints/vae_finetuned.pt (saved 2026-03-15T08:57:55.650777+00:00)
2026-03-15 13:49:43 | INFO    | myelomemory.inference.pipeline | Loaded VAE from vae_finetuned checkpoint (input_dim=7853, epigenome_dim=42)
2026-03-15 13:49:43 | INFO    | myelomemory | Checkpoint loaded: checkpoints/stability_calibrated.pt (saved 2026-03-15T18:40:45.334402+00:00)
2026-03-15 13:49:43 | INFO    | myelomemory.inference.pipeline | Loaded stability scorer from stability_calibrated checkpoint
2026-03-15 13:49:43 | INFO    | myelomemory | Checkpoint loaded: checkpoints/gnn_trained.pt (saved 2026-03-15T18:48:25.059348+00:00)
2026-03-15 13:49:43 | INFO    | myelomemory.inference.pipeline | Loaded GNN from gnn_trained checkpoint (hidden=128, layers=3, drugs=2)
2026-03-15 13:49:43 | INFO    | myelomemory | Checkpoint loaded: checkpoints/data_ready.pt (saved 2026-03-15T08:55:57.312160+00:00)
2026-03-15 13:51:50 | INFO    | myelomemory.utils.metrics | Pipeline metrics (test): 367 samples, mean_stability=0.881
2026-03-15 13:51:50 | INFO    | myelomemory | Checkpoint saved: checkpoints/pipeline_validated.pt
2026-03-15 13:51:50 | INFO    | myelomemory | <<< STAGE END: validate (2.1 min) | split=test n_samples=367 mean_stability=0.8812 std_stability=0.0567 n_high_stability=366 n_medium_stability=1 n_low_stability=0
2026-03-15 13:51:50 | INFO    | myelomemory | === Pipeline stage: serve ===
2026-03-15 13:51:50 | INFO    | myelomemory | >>> STAGE START: serve
2026-03-15 13:51:50 | INFO    | myelomemory | Checkpoint loaded: checkpoints/vae_finetuned.pt (saved 2026-03-15T08:57:55.650777+00:00)
2026-03-15 13:51:51 | INFO    | myelomemory.inference.pipeline | Loaded VAE from vae_finetuned checkpoint (input_dim=7853, epigenome_dim=42)
2026-03-15 13:51:51 | INFO    | myelomemory | Checkpoint loaded: checkpoints/stability_calibrated.pt (saved 2026-03-15T18:40:45.334402+00:00)
2026-03-15 13:51:51 | INFO    | myelomemory.inference.pipeline | Loaded stability scorer from stability_calibrated checkpoint
2026-03-15 13:51:51 | INFO    | myelomemory | Checkpoint loaded: checkpoints/gnn_trained.pt (saved 2026-03-15T18:48:25.059348+00:00)
2026-03-15 13:51:51 | INFO    | myelomemory.inference.pipeline | Loaded GNN from gnn_trained checkpoint (hidden=128, layers=3, drugs=2)
2026-03-15 13:51:51 | INFO    | myelomemory.inference.api | Pipeline loaded successfully
2026-03-15 13:57:10 | WARNING | myelomemory | W&B init failed (continuing without): No API key configured. Use `wandb login` to log in.
2026-03-15 13:57:12 | INFO    | myelomemory | >>> STAGE START: serve
2026-03-15 13:57:12 | INFO    | myelomemory | Checkpoint loaded: checkpoints/vae_finetuned.pt (saved 2026-03-15T08:57:55.650777+00:00)
2026-03-15 13:57:12 | INFO    | myelomemory.inference.pipeline | Loaded VAE from vae_finetuned checkpoint (input_dim=7853, epigenome_dim=42)
2026-03-15 13:57:12 | INFO    | myelomemory | Checkpoint loaded: checkpoints/stability_calibrated.pt (saved 2026-03-15T18:40:45.334402+00:00)
2026-03-15 13:57:12 | INFO    | myelomemory.inference.pipeline | Loaded stability scorer from stability_calibrated checkpoint
2026-03-15 13:57:12 | INFO    | myelomemory | Checkpoint loaded: checkpoints/gnn_trained.pt (saved 2026-03-15T18:48:25.059348+00:00)
2026-03-15 13:57:13 | INFO    | myelomemory.inference.pipeline | Loaded GNN from gnn_trained checkpoint (hidden=128, layers=3, drugs=2)
2026-03-15 13:57:13 | INFO    | myelomemory.inference.api | Pipeline loaded successfully
2026-03-15 14:21:05 | WARNING | myelomemory | W&B init failed (continuing without): No API key configured. Use `wandb login` to log in.
2026-03-15 14:21:05 | INFO    | myelomemory | === Pipeline stage: data_validate ===
2026-03-15 14:21:05 | INFO    | myelomemory | >>> STAGE START: data_validate
2026-03-15 14:21:05 | INFO    | myelomemory | <<< STAGE END: data_validate (0.0 min)
2026-03-15 14:21:05 | INFO    | myelomemory | === Pipeline stage: data_prep ===
2026-03-15 14:21:06 | INFO    | myelomemory | === Pipeline stage: vae_pretrain ===
2026-03-15 14:21:06 | INFO    | myelomemory | === Pipeline stage: vae_finetune ===
2026-03-15 14:21:06 | INFO    | myelomemory | === Pipeline stage: stability_calibrate ===
2026-03-15 14:21:06 | INFO    | myelomemory | >>> STAGE START: stability_calibrate
2026-03-15 14:21:06 | INFO    | myelomemory | Checkpoint loaded: checkpoints/data_ready.pt (saved 2026-03-15T08:55:57.312160+00:00)
2026-03-15 14:21:06 | INFO    | myelomemory | Checkpoint loaded: checkpoints/vae_finetuned.pt (saved 2026-03-15T08:57:55.650777+00:00)
2026-03-15 14:21:09 | INFO    | myelomemory | Checkpoint saved: checkpoints/stability_calibrated.pt
2026-03-15 14:21:11 | INFO    | myelomemory | Checkpoint saved: checkpoints/stability_calibrated.pt
2026-03-15 14:21:12 | INFO    | myelomemory | Checkpoint saved: checkpoints/stability_calibrated.pt
2026-03-15 14:21:13 | INFO    | myelomemory | Checkpoint saved: checkpoints/stability_calibrated.pt
2026-03-15 14:21:15 | INFO    | myelomemory | Checkpoint saved: checkpoints/stability_calibrated.pt
2026-03-15 14:21:16 | INFO    | myelomemory | Checkpoint saved: checkpoints/stability_calibrated.pt
2026-03-15 14:21:16 | INFO    | myelomemory | Checkpoint saved: checkpoints/stability_calibrated.pt
2026-03-15 14:21:18 | INFO    | myelomemory | Checkpoint saved: checkpoints/stability_calibrated.pt
2026-03-15 14:21:19 | INFO    | myelomemory | Checkpoint saved: checkpoints/stability_calibrated.pt
2026-03-15 14:21:19 | INFO    | myelomemory | Checkpoint saved: checkpoints/stability_calibrated.pt
2026-03-15 14:21:20 | INFO    | myelomemory | Checkpoint saved: checkpoints/stability_calibrated.pt
2026-03-15 14:21:22 | INFO    | myelomemory | Checkpoint saved: checkpoints/stability_calibrated.pt
2026-03-15 14:21:23 | INFO    | myelomemory | Checkpoint saved: checkpoints/stability_calibrated.pt
2026-03-15 14:21:23 | INFO    | myelomemory | Checkpoint saved: checkpoints/stability_calibrated.pt
2026-03-15 14:21:24 | INFO    | myelomemory | Checkpoint saved: checkpoints/stability_calibrated.pt
2026-03-15 14:21:25 | INFO    | myelomemory | Checkpoint saved: checkpoints/stability_calibrated.pt
2026-03-15 14:21:26 | INFO    | myelomemory | Checkpoint saved: checkpoints/stability_calibrated.pt
2026-03-15 14:21:28 | INFO    | myelomemory | Checkpoint saved: checkpoints/stability_calibrated.pt
2026-03-15 14:21:31 | INFO    | myelomemory | Checkpoint saved: checkpoints/stability_calibrated.pt
2026-03-15 14:21:32 | INFO    | myelomemory | Checkpoint saved: checkpoints/stability_calibrated.pt
2026-03-15 14:21:32 | INFO    | myelomemory | Checkpoint saved: checkpoints/stability_calibrated.pt
2026-03-15 14:21:33 | INFO    | myelomemory | Checkpoint saved: checkpoints/stability_calibrated.pt
2026-03-15 14:21:34 | INFO    | myelomemory | Checkpoint saved: checkpoints/stability_calibrated.pt
2026-03-15 14:21:35 | INFO    | myelomemory | Checkpoint saved: checkpoints/stability_calibrated.pt
2026-03-15 14:21:36 | INFO    | myelomemory | Checkpoint saved: checkpoints/stability_calibrated.pt
2026-03-15 14:21:36 | INFO    | myelomemory.models.stability | [stability_calibrate] Epoch 50/200 loss=0.0594
2026-03-15 14:21:37 | INFO    | myelomemory | Checkpoint saved: checkpoints/stability_calibrated.pt
2026-03-15 14:21:38 | INFO    | myelomemory | Checkpoint saved: checkpoints/stability_calibrated.pt
2026-03-15 14:21:40 | INFO    | myelomemory | Checkpoint saved: checkpoints/stability_calibrated.pt
2026-03-15 14:21:57 | INFO    | myelomemory | Checkpoint saved: checkpoints/stability_calibrated.pt
2026-03-15 14:22:03 | INFO    | myelomemory.models.stability | [stability_calibrate] Epoch 100/200 loss=0.0259
2026-03-15 14:22:20 | INFO    | myelomemory | Checkpoint saved: checkpoints/stability_calibrated.pt
2026-03-15 14:22:30 | INFO    | myelomemory.models.stability | [stability_calibrate] Epoch 150/200 loss=0.0329
2026-03-15 14:22:38 | INFO    | myelomemory | Checkpoint saved: checkpoints/stability_calibrated.pt
2026-03-15 14:22:56 | INFO    | myelomemory.models.stability | [stability_calibrate] Epoch 200/200 loss=0.0307
2026-03-15 14:22:56 | INFO    | myelomemory | <<< STAGE END: stability_calibrate (1.8 min) | best_calibration_loss=0.0105 n_valid_samples=255
2026-03-15 14:22:56 | INFO    | myelomemory | === Pipeline stage: gnn_train ===
2026-03-15 14:22:57 | INFO    | myelomemory | >>> STAGE START: gnn_train
2026-03-15 14:22:57 | INFO    | myelomemory | Checkpoint loaded: checkpoints/data_ready.pt (saved 2026-03-15T08:55:57.312160+00:00)
2026-03-15 14:22:57 | INFO    | myelomemory | Checkpoint loaded: checkpoints/vae_finetuned.pt (saved 2026-03-15T08:57:55.650777+00:00)
2026-03-15 14:22:57 | INFO    | myelomemory | Checkpoint loaded: checkpoints/stability_calibrated.pt (saved 2026-03-15T19:22:38.781420+00:00)
2026-03-15 14:22:57 | INFO    | myelomemory.models.gnn | Loading frozen VAE for memory state extraction
2026-03-15 14:22:57 | INFO    | myelomemory.models.gnn | Loading frozen stability scorer
2026-03-15 14:22:57 | INFO    | myelomemory.models.gnn | Building PPI graph from dataset
2026-03-15 14:22:57 | INFO    | myelomemory.data.graph_builder | PPI graph: 7853 nodes, 460888 directed edges
2026-03-15 14:22:57 | INFO    | myelomemory.models.gnn | PPI graph: 7853 nodes, 460888 edges
2026-03-15 14:22:57 | INFO    | myelomemory.models.gnn | Pre-computing memory states and stability scores for all samples
2026-03-15 14:22:59 | INFO    | myelomemory.models.gnn | Pre-computed: 367 memory states, mean stability=nan
2026-03-15 14:23:51 | INFO    | myelomemory.models.gnn | [gnn_train] Epoch 10/100 loss=nan
2026-03-15 14:24:43 | INFO    | myelomemory.models.gnn | [gnn_train] Epoch 20/100 loss=nan
2026-03-15 14:24:43 | INFO    | myelomemory.models.gnn | Early stopping at epoch 20
2026-03-15 14:24:43 | INFO    | myelomemory | <<< STAGE END: gnn_train (1.8 min) | best_val_loss=inf final_epoch=20
2026-03-15 14:24:43 | INFO    | myelomemory | === Pipeline stage: validate ===
2026-03-15 14:24:43 | INFO    | myelomemory | >>> STAGE START: validate
2026-03-15 14:24:43 | INFO    | myelomemory | Checkpoint loaded: checkpoints/vae_finetuned.pt (saved 2026-03-15T08:57:55.650777+00:00)
2026-03-15 14:24:43 | INFO    | myelomemory.inference.pipeline | Loaded VAE from vae_finetuned checkpoint (input_dim=7853, epigenome_dim=42)
2026-03-15 14:24:43 | INFO    | myelomemory | Checkpoint loaded: checkpoints/stability_calibrated.pt (saved 2026-03-15T19:22:38.781420+00:00)
2026-03-15 14:24:43 | INFO    | myelomemory.inference.pipeline | Loaded stability scorer from stability_calibrated checkpoint
2026-03-15 14:26:37 | WARNING | myelomemory | W&B init failed (continuing without): No API key configured. Use `wandb login` to log in.
2026-03-15 14:26:37 | INFO    | myelomemory | === Pipeline stage: data_validate ===
2026-03-15 14:26:37 | INFO    | myelomemory | >>> STAGE START: data_validate
2026-03-15 14:26:37 | INFO    | myelomemory | <<< STAGE END: data_validate (0.0 min)
2026-03-15 14:26:37 | INFO    | myelomemory | === Pipeline stage: data_prep ===
2026-03-15 14:26:38 | INFO    | myelomemory | === Pipeline stage: vae_pretrain ===
2026-03-15 14:26:38 | INFO    | myelomemory | === Pipeline stage: vae_finetune ===
2026-03-15 14:26:38 | INFO    | myelomemory | === Pipeline stage: stability_calibrate ===
2026-03-15 14:26:38 | INFO    | myelomemory | >>> STAGE START: stability_calibrate
2026-03-15 14:26:38 | INFO    | myelomemory | Checkpoint loaded: checkpoints/data_ready.pt (saved 2026-03-15T08:55:57.312160+00:00)
2026-03-15 14:26:38 | INFO    | myelomemory | Checkpoint loaded: checkpoints/vae_finetuned.pt (saved 2026-03-15T08:57:55.650777+00:00)
2026-03-15 14:26:41 | INFO    | myelomemory | Checkpoint saved: checkpoints/stability_calibrated.pt
2026-03-15 14:26:41 | INFO    | myelomemory | Checkpoint saved: checkpoints/stability_calibrated.pt
2026-03-15 14:26:42 | INFO    | myelomemory | Checkpoint saved: checkpoints/stability_calibrated.pt
2026-03-15 14:26:43 | INFO    | myelomemory | Checkpoint saved: checkpoints/stability_calibrated.pt
2026-03-15 14:26:45 | INFO    | myelomemory | Checkpoint saved: checkpoints/stability_calibrated.pt
2026-03-15 14:26:46 | INFO    | myelomemory | Checkpoint saved: checkpoints/stability_calibrated.pt
2026-03-15 14:26:47 | INFO    | myelomemory | Checkpoint saved: checkpoints/stability_calibrated.pt
2026-03-15 14:26:48 | INFO    | myelomemory | Checkpoint saved: checkpoints/stability_calibrated.pt
2026-03-15 14:26:49 | INFO    | myelomemory | Checkpoint saved: checkpoints/stability_calibrated.pt
2026-03-15 14:26:50 | INFO    | myelomemory | Checkpoint saved: checkpoints/stability_calibrated.pt
2026-03-15 14:26:51 | INFO    | myelomemory | Checkpoint saved: checkpoints/stability_calibrated.pt
2026-03-15 14:26:51 | INFO    | myelomemory | Checkpoint saved: checkpoints/stability_calibrated.pt
2026-03-15 14:26:51 | INFO    | myelomemory | Checkpoint saved: checkpoints/stability_calibrated.pt
2026-03-15 14:26:52 | INFO    | myelomemory | Checkpoint saved: checkpoints/stability_calibrated.pt
2026-03-15 14:26:53 | INFO    | myelomemory | Checkpoint saved: checkpoints/stability_calibrated.pt
2026-03-15 14:26:55 | INFO    | myelomemory | Checkpoint saved: checkpoints/stability_calibrated.pt
2026-03-15 14:26:55 | INFO    | myelomemory | Checkpoint saved: checkpoints/stability_calibrated.pt
2026-03-15 14:26:56 | INFO    | myelomemory | Checkpoint saved: checkpoints/stability_calibrated.pt
2026-03-15 14:26:57 | INFO    | myelomemory | Checkpoint saved: checkpoints/stability_calibrated.pt
2026-03-15 14:26:58 | INFO    | myelomemory | Checkpoint saved: checkpoints/stability_calibrated.pt
2026-03-15 14:26:59 | INFO    | myelomemory | Checkpoint saved: checkpoints/stability_calibrated.pt
2026-03-15 14:27:02 | INFO    | myelomemory | Checkpoint saved: checkpoints/stability_calibrated.pt
2026-03-15 14:27:04 | INFO    | myelomemory | Checkpoint saved: checkpoints/stability_calibrated.pt
2026-03-15 14:27:05 | INFO    | myelomemory | Checkpoint saved: checkpoints/stability_calibrated.pt
2026-03-15 14:27:06 | INFO    | myelomemory.models.stability | [stability_calibrate] Epoch 50/200 loss=0.0493
2026-03-15 14:27:06 | INFO    | myelomemory | Checkpoint saved: checkpoints/stability_calibrated.pt
2026-03-15 14:27:07 | INFO    | myelomemory | Checkpoint saved: checkpoints/stability_calibrated.pt
2026-03-15 14:27:08 | INFO    | myelomemory | Checkpoint saved: checkpoints/stability_calibrated.pt
2026-03-15 14:27:27 | INFO    | myelomemory | Checkpoint saved: checkpoints/stability_calibrated.pt
2026-03-15 14:27:29 | INFO    | myelomemory | Checkpoint saved: checkpoints/stability_calibrated.pt
2026-03-15 14:27:31 | INFO    | myelomemory.models.stability | [stability_calibrate] Epoch 100/200 loss=0.0403
2026-03-15 14:27:34 | INFO    | myelomemory | Checkpoint saved: checkpoints/stability_calibrated.pt
2026-03-15 14:27:44 | INFO    | myelomemory | Checkpoint saved: checkpoints/stability_calibrated.pt
2026-03-15 14:27:54 | INFO    | myelomemory | Checkpoint saved: checkpoints/stability_calibrated.pt
2026-03-15 14:27:57 | INFO    | myelomemory.models.stability | [stability_calibrate] Epoch 150/200 loss=0.0344
2026-03-15 14:28:19 | INFO    | myelomemory | Checkpoint saved: checkpoints/stability_calibrated.pt
2026-03-15 14:28:23 | INFO    | myelomemory.models.stability | [stability_calibrate] Epoch 200/200 loss=0.0331
2026-03-15 14:28:23 | INFO    | myelomemory | <<< STAGE END: stability_calibrate (1.8 min) | best_calibration_loss=0.0101 n_valid_samples=255
2026-03-15 14:28:23 | INFO    | myelomemory | === Pipeline stage: gnn_train ===
2026-03-15 14:28:23 | INFO    | myelomemory | >>> STAGE START: gnn_train
2026-03-15 14:28:24 | INFO    | myelomemory | Checkpoint loaded: checkpoints/data_ready.pt (saved 2026-03-15T08:55:57.312160+00:00)
2026-03-15 14:28:24 | INFO    | myelomemory | Checkpoint loaded: checkpoints/vae_finetuned.pt (saved 2026-03-15T08:57:55.650777+00:00)
2026-03-15 14:28:24 | INFO    | myelomemory | Checkpoint loaded: checkpoints/stability_calibrated.pt (saved 2026-03-15T19:28:19.507604+00:00)
2026-03-15 14:28:24 | INFO    | myelomemory.models.gnn | Loading frozen VAE for memory state extraction
2026-03-15 14:28:24 | INFO    | myelomemory.models.gnn | Loading frozen stability scorer
2026-03-15 14:28:24 | INFO    | myelomemory.models.gnn | Building PPI graph from dataset
2026-03-15 14:28:24 | INFO    | myelomemory.data.graph_builder | PPI graph: 7853 nodes, 460888 directed edges
2026-03-15 14:28:24 | INFO    | myelomemory.models.gnn | PPI graph: 7853 nodes, 460888 edges
2026-03-15 14:28:24 | INFO    | myelomemory.models.gnn | Pre-computing memory states and stability scores for all samples
2026-03-15 14:28:25 | INFO    | myelomemory.models.gnn | Pre-computed: 367 memory states, mean stability=0.975
2026-03-15 14:28:31 | INFO    | myelomemory | Checkpoint saved: checkpoints/gnn_trained.pt
2026-03-15 14:28:36 | INFO    | myelomemory | Checkpoint saved: checkpoints/gnn_trained.pt
2026-03-15 14:28:41 | INFO    | myelomemory | Checkpoint saved: checkpoints/gnn_trained.pt
2026-03-15 14:28:46 | INFO    | myelomemory | Checkpoint saved: checkpoints/gnn_trained.pt
2026-03-15 14:28:52 | INFO    | myelomemory | Checkpoint saved: checkpoints/gnn_trained.pt
2026-03-15 14:28:57 | INFO    | myelomemory | Checkpoint saved: checkpoints/gnn_trained.pt
2026-03-15 14:29:02 | INFO    | myelomemory | Checkpoint saved: checkpoints/gnn_trained.pt
2026-03-15 14:29:07 | INFO    | myelomemory | Checkpoint saved: checkpoints/gnn_trained.pt
2026-03-15 14:29:12 | INFO    | myelomemory | Checkpoint saved: checkpoints/gnn_trained.pt
2026-03-15 14:29:18 | INFO    | myelomemory.models.gnn | [gnn_train] Epoch 10/100 loss=1909.3530
2026-03-15 14:29:18 | INFO    | myelomemory | Checkpoint saved: checkpoints/gnn_trained.pt
2026-03-15 14:29:23 | INFO    | myelomemory | Checkpoint saved: checkpoints/gnn_trained.pt
2026-03-15 14:29:28 | INFO    | myelomemory | Checkpoint saved: checkpoints/gnn_trained.pt
2026-03-15 14:29:33 | INFO    | myelomemory | Checkpoint saved: checkpoints/gnn_trained.pt
2026-03-15 14:29:39 | INFO    | myelomemory | Checkpoint saved: checkpoints/gnn_trained.pt
2026-03-15 14:29:44 | INFO    | myelomemory | Checkpoint saved: checkpoints/gnn_trained.pt
2026-03-15 14:29:49 | INFO    | myelomemory | Checkpoint saved: checkpoints/gnn_trained.pt
2026-03-15 14:29:54 | INFO    | myelomemory | Checkpoint saved: checkpoints/gnn_trained.pt
2026-03-15 14:29:59 | INFO    | myelomemory | Checkpoint saved: checkpoints/gnn_trained.pt
2026-03-15 14:30:05 | INFO    | myelomemory | Checkpoint saved: checkpoints/gnn_trained.pt
2026-03-15 14:30:10 | INFO    | myelomemory.models.gnn | [gnn_train] Epoch 20/100 loss=1005.6064
2026-03-15 14:30:10 | INFO    | myelomemory | Checkpoint saved: checkpoints/gnn_trained.pt
2026-03-15 14:30:15 | INFO    | myelomemory | Checkpoint saved: checkpoints/gnn_trained.pt
2026-03-15 14:30:20 | INFO    | myelomemory | Checkpoint saved: checkpoints/gnn_trained.pt
2026-03-15 14:30:26 | INFO    | myelomemory | Checkpoint saved: checkpoints/gnn_trained.pt
2026-03-15 14:30:31 | INFO    | myelomemory | Checkpoint saved: checkpoints/gnn_trained.pt
2026-03-15 14:30:36 | INFO    | myelomemory | Checkpoint saved: checkpoints/gnn_trained.pt
2026-03-15 14:30:41 | INFO    | myelomemory | Checkpoint saved: checkpoints/gnn_trained.pt
2026-03-15 14:30:46 | INFO    | myelomemory | Checkpoint saved: checkpoints/gnn_trained.pt
2026-03-15 14:30:52 | INFO    | myelomemory | Checkpoint saved: checkpoints/gnn_trained.pt
2026-03-15 14:30:57 | INFO    | myelomemory | Checkpoint saved: checkpoints/gnn_trained.pt
2026-03-15 14:31:02 | INFO    | myelomemory.models.gnn | [gnn_train] Epoch 30/100 loss=777.1946
2026-03-15 14:31:02 | INFO    | myelomemory | Checkpoint saved: checkpoints/gnn_trained.pt
2026-03-15 14:31:07 | INFO    | myelomemory | Checkpoint saved: checkpoints/gnn_trained.pt
2026-03-15 14:31:12 | INFO    | myelomemory | Checkpoint saved: checkpoints/gnn_trained.pt
2026-03-15 14:31:23 | INFO    | myelomemory | Checkpoint saved: checkpoints/gnn_trained.pt
2026-03-15 14:31:28 | INFO    | myelomemory | Checkpoint saved: checkpoints/gnn_trained.pt
2026-03-15 14:31:33 | INFO    | myelomemory | Checkpoint saved: checkpoints/gnn_trained.pt
2026-03-15 14:31:39 | INFO    | myelomemory | Checkpoint saved: checkpoints/gnn_trained.pt
2026-03-15 14:31:44 | INFO    | myelomemory | Checkpoint saved: checkpoints/gnn_trained.pt
2026-03-15 14:31:49 | INFO    | myelomemory | Checkpoint saved: checkpoints/gnn_trained.pt
2026-03-15 14:31:54 | INFO    | myelomemory.models.gnn | [gnn_train] Epoch 40/100 loss=631.2701
2026-03-15 14:31:54 | INFO    | myelomemory | Checkpoint saved: checkpoints/gnn_trained.pt
2026-03-15 14:31:59 | INFO    | myelomemory | Checkpoint saved: checkpoints/gnn_trained.pt
2026-03-15 14:32:05 | INFO    | myelomemory | Checkpoint saved: checkpoints/gnn_trained.pt
2026-03-15 14:32:15 | INFO    | myelomemory | Checkpoint saved: checkpoints/gnn_trained.pt
2026-03-15 14:32:26 | INFO    | myelomemory | Checkpoint saved: checkpoints/gnn_trained.pt
2026-03-15 14:32:31 | INFO    | myelomemory | Checkpoint saved: checkpoints/gnn_trained.pt
2026-03-15 14:32:41 | INFO    | myelomemory | Checkpoint saved: checkpoints/gnn_trained.pt
2026-03-15 14:32:46 | INFO    | myelomemory.models.gnn | [gnn_train] Epoch 50/100 loss=485.1090
2026-03-15 14:32:46 | INFO    | myelomemory | Checkpoint saved: checkpoints/gnn_trained.pt
2026-03-15 14:32:57 | INFO    | myelomemory | Checkpoint saved: checkpoints/gnn_trained.pt
2026-03-15 14:33:02 | INFO    | myelomemory | Checkpoint saved: checkpoints/gnn_trained.pt
2026-03-15 14:33:12 | INFO    | myelomemory | Checkpoint saved: checkpoints/gnn_trained.pt
2026-03-15 14:33:18 | INFO    | myelomemory | Checkpoint saved: checkpoints/gnn_trained.pt
2026-03-15 14:33:28 | INFO    | myelomemory | Checkpoint saved: checkpoints/gnn_trained.pt
2026-03-15 14:33:33 | INFO    | myelomemory | Checkpoint saved: checkpoints/gnn_trained.pt
2026-03-15 14:33:39 | INFO    | myelomemory.models.gnn | [gnn_train] Epoch 60/100 loss=385.1534
2026-03-15 14:33:39 | INFO    | myelomemory | Checkpoint saved: checkpoints/gnn_trained.pt
2026-03-15 14:33:44 | INFO    | myelomemory | Checkpoint saved: checkpoints/gnn_trained.pt
2026-03-15 14:33:54 | INFO    | myelomemory | Checkpoint saved: checkpoints/gnn_trained.pt
2026-03-15 14:34:10 | INFO    | myelomemory | Checkpoint saved: checkpoints/gnn_trained.pt
2026-03-15 14:34:15 | INFO    | myelomemory | Checkpoint saved: checkpoints/gnn_trained.pt
2026-03-15 14:34:20 | INFO    | myelomemory | Checkpoint saved: checkpoints/gnn_trained.pt
2026-03-15 14:34:31 | INFO    | myelomemory.models.gnn | [gnn_train] Epoch 70/100 loss=340.3086
2026-03-15 14:34:31 | INFO    | myelomemory | Checkpoint saved: checkpoints/gnn_trained.pt
2026-03-15 14:34:52 | INFO    | myelomemory | Checkpoint saved: checkpoints/gnn_trained.pt
2026-03-15 14:35:12 | INFO    | myelomemory | Checkpoint saved: checkpoints/gnn_trained.pt
2026-03-15 14:35:23 | INFO    | myelomemory.models.gnn | [gnn_train] Epoch 80/100 loss=326.0204
2026-03-15 14:35:33 | INFO    | myelomemory | Checkpoint saved: checkpoints/gnn_trained.pt
2026-03-15 14:35:44 | INFO    | myelomemory | Checkpoint saved: checkpoints/gnn_trained.pt
2026-03-15 14:35:54 | INFO    | myelomemory | Checkpoint saved: checkpoints/gnn_trained.pt
2026-03-15 14:36:15 | INFO    | myelomemory.models.gnn | [gnn_train] Epoch 90/100 loss=307.6321
2026-03-15 14:37:07 | INFO    | myelomemory.models.gnn | [gnn_train] Epoch 100/100 loss=310.0721
2026-03-15 14:37:07 | INFO    | myelomemory | <<< STAGE END: gnn_train (8.7 min) | best_val_loss=277.7826 final_epoch=100
2026-03-15 14:37:07 | INFO    | myelomemory | === Pipeline stage: validate ===
2026-03-15 14:37:07 | INFO    | myelomemory | >>> STAGE START: validate
2026-03-15 14:37:07 | INFO    | myelomemory | Checkpoint loaded: checkpoints/vae_finetuned.pt (saved 2026-03-15T08:57:55.650777+00:00)
2026-03-15 14:37:07 | INFO    | myelomemory.inference.pipeline | Loaded VAE from vae_finetuned checkpoint (input_dim=7853, epigenome_dim=42)
2026-03-15 14:37:07 | INFO    | myelomemory | Checkpoint loaded: checkpoints/stability_calibrated.pt (saved 2026-03-15T19:28:19.507604+00:00)
2026-03-15 14:37:07 | INFO    | myelomemory.inference.pipeline | Loaded stability scorer from stability_calibrated checkpoint
2026-03-15 14:37:07 | INFO    | myelomemory | Checkpoint loaded: checkpoints/gnn_trained.pt (saved 2026-03-15T19:35:54.517679+00:00)
2026-03-15 14:37:07 | INFO    | myelomemory.inference.pipeline | Loaded GNN from gnn_trained checkpoint (hidden=128, layers=3, drugs=2)
2026-03-15 14:37:08 | INFO    | myelomemory | Checkpoint loaded: checkpoints/data_ready.pt (saved 2026-03-15T08:55:57.312160+00:00)
2026-03-15 14:39:16 | INFO    | myelomemory.utils.metrics | Pipeline metrics (test): 367 samples, mean_stability=0.975
2026-03-15 14:39:16 | INFO    | myelomemory | Checkpoint saved: checkpoints/pipeline_validated.pt
2026-03-15 14:39:16 | INFO    | myelomemory | <<< STAGE END: validate (2.2 min) | split=test n_samples=367 mean_stability=0.9753 std_stability=0.0783 n_high_stability=357 n_medium_stability=10 n_low_stability=0
2026-03-15 14:39:16 | INFO    | myelomemory | === Pipeline stage: serve ===
2026-03-15 14:39:16 | INFO    | myelomemory | >>> STAGE START: serve
2026-03-15 14:39:16 | INFO    | myelomemory | Checkpoint loaded: checkpoints/vae_finetuned.pt (saved 2026-03-15T08:57:55.650777+00:00)
2026-03-15 14:39:17 | INFO    | myelomemory.inference.pipeline | Loaded VAE from vae_finetuned checkpoint (input_dim=7853, epigenome_dim=42)
2026-03-15 14:39:17 | INFO    | myelomemory | Checkpoint loaded: checkpoints/stability_calibrated.pt (saved 2026-03-15T19:28:19.507604+00:00)
2026-03-15 14:39:17 | INFO    | myelomemory.inference.pipeline | Loaded stability scorer from stability_calibrated checkpoint
2026-03-15 14:39:17 | INFO    | myelomemory | Checkpoint loaded: checkpoints/gnn_trained.pt (saved 2026-03-15T19:35:54.517679+00:00)
2026-03-15 14:39:17 | INFO    | myelomemory.inference.pipeline | Loaded GNN from gnn_trained checkpoint (hidden=128, layers=3, drugs=2)
2026-03-15 14:39:17 | INFO    | myelomemory.inference.api | Pipeline loaded successfully
2026-03-15 14:39:36 | WARNING | myelomemory | W&B init failed (continuing without): No API key configured. Use `wandb login` to log in.
2026-03-15 14:39:38 | INFO    | myelomemory | >>> STAGE START: serve
2026-03-15 14:39:38 | INFO    | myelomemory | Checkpoint loaded: checkpoints/vae_finetuned.pt (saved 2026-03-15T08:57:55.650777+00:00)
2026-03-15 14:39:39 | INFO    | myelomemory.inference.pipeline | Loaded VAE from vae_finetuned checkpoint (input_dim=7853, epigenome_dim=42)
2026-03-15 14:39:39 | INFO    | myelomemory | Checkpoint loaded: checkpoints/stability_calibrated.pt (saved 2026-03-15T19:28:19.507604+00:00)
2026-03-15 14:39:39 | INFO    | myelomemory.inference.pipeline | Loaded stability scorer from stability_calibrated checkpoint
2026-03-15 14:39:39 | INFO    | myelomemory | Checkpoint loaded: checkpoints/gnn_trained.pt (saved 2026-03-15T19:35:54.517679+00:00)
2026-03-15 14:39:39 | INFO    | myelomemory.inference.pipeline | Loaded GNN from gnn_trained checkpoint (hidden=128, layers=3, drugs=2)
2026-03-15 14:39:39 | INFO    | myelomemory.inference.api | Pipeline loaded successfully
2026-03-15 14:44:16 | WARNING | myelomemory | W&B init failed (continuing without): No API key configured. Use `wandb login` to log in.
2026-03-15 14:44:18 | INFO    | myelomemory | >>> STAGE START: serve
2026-03-15 14:44:18 | INFO    | myelomemory | Checkpoint loaded: checkpoints/vae_finetuned.pt (saved 2026-03-15T08:57:55.650777+00:00)
2026-03-15 14:44:19 | INFO    | myelomemory.inference.pipeline | Loaded VAE from vae_finetuned checkpoint (input_dim=7853, epigenome_dim=42)
2026-03-15 14:44:19 | INFO    | myelomemory | Checkpoint loaded: checkpoints/stability_calibrated.pt (saved 2026-03-15T19:28:19.507604+00:00)
2026-03-15 14:44:19 | INFO    | myelomemory.inference.pipeline | Loaded stability scorer from stability_calibrated checkpoint
2026-03-15 14:44:19 | INFO    | myelomemory | Checkpoint loaded: checkpoints/gnn_trained.pt (saved 2026-03-15T19:35:54.517679+00:00)
2026-03-15 14:44:19 | INFO    | myelomemory.inference.pipeline | Loaded GNN from gnn_trained checkpoint (hidden=128, layers=3, drugs=2)
2026-03-15 14:44:19 | INFO    | myelomemory.inference.api | Pipeline loaded successfully
